행정동_코드,행정동_코드_명,총_점포_수_합계,2024년_총_유동인구_합계,2024년_총_상주인구_합계,영역_면적,월_평균_소득_금액,지출_총금액,식료품_지출_총금액,음식_지출_총금액,집객_지수,유동상주비율,수요공급비율,밀집도,소비잠재력비율,요식업_총지출,요식업_지출비율,상권매력도지수
11110515,청운효자동,1527,14325051,45312,2568432,15120888,8010149000,2580721000,3224790000,0.1504296704152784,316.1355681592479,9404.68782722513,5.59499235526097,9895.869109947644,5805511000,0.7247694143111734,0.03273766859480818
11110530,사직동,3927,15579831,35968,1158536,20031072,143711367000,4676932000,18795884000,0.3495749094305057,433.14607022714006,3975.5089103869655,13.478895365447974,5099.560081466395,23472816000,0.16333305075190516,0.03821228157547629
11110540,삼청동,1116,3858574,8988,1479255,13770136,9840044000,1816858000,5044638000,0.069478438879757,429.2550895538992,3462.45478961504,2.6145318998199096,12327.785138764548,6861496000,0.6973033859709059,0.03217485833965679
11110550,부암동,589,3883220,36136,2274739,14589796,4431137000,740691000,2153108000,0.1419128283036618,107.45828375349365,6642.9762711864405,1.72299075938349,24728.46779661017,2893799000,0.6530601512313746,0.023731929516580572
11110560,평창동,583,3351274,69464,8947328,18016024,7584302000,2092864000,2583152000,0.3008708450207026,48.24406535665443,5857.428082191781,0.3823194609251543,30849.35616438356,4676016000,0.6165387400690876,0.02206918274895233
11110570,무악동,158,7214794,31852,369520,20546868,8432464000,766674000,457552000,0.0521198423443381,226.50280978243808,45576.38993710692,19.61091791806149,129225.58490566038,1224226000,0.14518010392393255,0.14340356632216192
11110580,교남동,325,15986125,38860,346926,18467560,6814010000,1058524000,1247426000,0.1258314678382413,411.3667944726075,49156.39570552147,46.1912304317623,56648.95705521473,2305950000,0.3384130636235619,0.13834158755761783
11110600,가회동,1071,5037928,15396,539955,13919064,8662734000,1715541000,4925208000,0.0957999290630691,327.2019224524258,4713.921641791045,9.358769973849721,12984.201492537313,6640749000,0.7665881232453187,0.03398772984364849
11110615,종로1·2·3·4가동,9634,55894284,26632,2417171,12981004,293878109000,13132109000,55942470000,0.8751236880926594,2098.685240115646,5803.935236118318,23.134851802023192,1347.2759730150492,69074579000,0.23504499615439187,0.13864427091457215
11110630,종로5·6가동,2139,23249901,21504,603167,10125800,27152584000,2088149000,8334060000,0.3539983697003557,1081.1393164380377,10874.48831775701,38.5819622393761,4731.682242990654,10422209000,0.3838385694568208,0.1024871949845011
11110640,이화동,1236,17634921,27564,782395,12099984,22240954000,2857373000,7927836000,0.2014733716128847,639.757699981861,14278.484236054972,22.574866180297445,9781.717057396929,10785209000,0.4849256466028874,0.07012503075762953
11110650,혜화동,2455,36084405,63332,1132421,13332448,28982067000,5001190000,12855235000,0.2491279071529942,569.7567618776941,14718.133957654723,31.920730081188815,5428.521172638437,17856425000,0.6161197888122983,0.07232652155160738
11110670,창신1동,966,11035355,18092,305337,9573232,7568901000,1314115000,2071062000,0.1725204034030489,609.9240037583596,11430.65873836608,36.200692347496876,9899.92967942089,3385177000,0.4472481539331472,0.0777746287088601
11110680,창신2동,600,19733996,30044,257323,8451268,3204641000,1010923000,1400332000,0.0416402748042665,656.8146446996172,32885.257903494174,76.80604996036125,14062.009983361066,2411255000,0.7524259345266986,0.1387047310957117
11110690,창신3동,130,4573510,25352,216835,12024208,1095652000,650299000,191149000,0.0200433564236256,180.39324734745395,35105.81679389313,21.20894131970706,91787.84732824427,841448000,0.7679883751702289,0.11065007689188838
11110700,숭인1동,182,8355393,23072,239396,11474076,2408914000,1215192000,415955000,0.0573922722485757,362.1285918606163,45783.96174863388,34.99820382043217,62699.86885245902,1631147000,0.6771296108216692,0.1261071821943341
11110710,숭인2동,797,22087513,37996,351906,10429244,5744042000,1528149000,2112133000,0.1315324305586376,581.2962339132037,27726.201754385966,62.87317103666594,13069.228070175439,3640282000,0.6337491960132344,0.11684133580791474
11140520,소공동,2883,11058777,8712,943795,21522084,5252823686000,4047339000,12570689000,0.393075453224487,1269.2272466429474,3837.5481969486823,11.72656908908281,7462.581137309293,16618028000,0.0031636371204096865,0.08430257021966121
11140540,회현동,2926,17909364,17520,897827,17769804,1388478220000,70006280000,8601013000,0.3577269951227314,1022.1656298156498,6124.661428083362,19.966946898515083,6070.995558592415,78607293000,0.056613990675304496,0.07917755245016869
11140550,명동,5107,22633541,9568,969729,14934400,305561719000,7320748000,25339755000,0.9217051246336916,2365.2984637893196,4432.871769772905,23.349910799913378,2923.727486296006,32660503000,0.10688676286669638,0.15323738510734725
11140570,필동,1803,9989041,16048,1464686,12132176,16047206000,2741834000,8306841000,0.1983516511017221,622.4089351361456,5546.0582039911305,6.830871715253839,6725.152993348115,11048675000,0.6885108223395081,0.045319288303070235
11140580,장충동,680,8506166,18196,1017925,11580104,6947401000,1197628000,3876512000,0.0912717084845341,467.4488102434467,12517.418502202643,8.37424527912638,17004.558002936858,5074140000,0.7303652112883127,0.0506336949493479
11140590,광희동,2953,26316554,22704,737204,12918416,31370734000,3894849000,6825963000,0.3044131693630895,1159.0642589737943,8916.471902505078,35.72853955141379,4373.194312796209,10720812000,0.3417456537567229,0.10224659308994191
11140605,을지로동,3045,19695121,12832,611524,12330056,396852077000,3476101000,12674375000,0.2361451341473062,1534.724616223798,6470.109323703217,32.22755079514329,4047.9500984898227,16150476000,0.04069646333225391,0.11751422474412224
11140615,신당동,1483,21905681,29540,534942,11267400,15611747000,2592249000,6318560000,0.1513570588065624,741.5348498696727,14781.146226415094,41.00478181787592,7592.587601078167,8910809000,0.5707759035186276,0.09112779232942105
11140625,다산동,864,16501185,52884,523971,10719380,9815426000,2141627000,4079254000,0.1278079785075537,312.02013803535976,19137.652023121387,31.59342293099631,12392.346820809249,6220881000,0.6337861443167331,0.06596087628311283
11140635,약수동,620,8036668,64344,486369,15579512,7421314000,3030953000,1839736000,0.1325077077229955,124.89965032248038,13045.107890499195,16.65606842527294,25087.780998389695,4870689000,0.6563108634594479,0.04406153428665061
11140645,청구동,388,13038804,51820,342571,14264964,4106952000,939981000,1129546000,0.0372830547633986,251.6123579243936,33651.98971722365,38.21276695118107,36670.85861182519,2069527000,0.5039082510572541,0.09622305352345756
11140650,신당5동,1035,13501708,40604,319706,12111916,7865000000,1415457000,3241526000,0.0940354643689681,332.51343430611996,13071.72972972973,42.358509510270345,11691.03861003861,4656983000,0.5921148123849822,0.07037042374689033
11140665,동화동,488,14812156,39764,327045,14485396,4622221000,1572140000,1233398000,0.059200597801865,372.49229221677354,30372.0245398773,45.41232731786966,29622.486707566462,2805538000,0.6069675161341339,0.10204776437983752
11140670,황학동,1379,22904481,50740,328640,12991360,12009583000,3104840000,4084982000,0.1108428691087736,451.3998738692576,16634.21811594203,69.84892633603232,9414.028985507246,7189822000,0.5986737424106504,0.10311107584919284
11140680,중림동,841,7562181,48568,484384,17743752,8431862000,1576877000,3002559000,0.1161115913057988,155.6997467520435,9038.89429928741,15.712189683825882,21073.339667458433,4579436000,0.5431108810197426,0.03882104670133632
11170510,후암동,1016,15833675,64080,865892,12054708,6463774000,2625637000,2233857000,0.123043994018723,247.0884505547666,15632.01081612586,18.35995325057484,11853.20353982301,4859494000,0.7518044410661938,0.04712815039489546
11170520,용산2가동,1172,18566909,35464,1966853,10161276,363783442000,358915404000,3926828000,0.0994367793926824,523.5276751727055,15858.80051150895,9.457932820636406,8662.639386189257,362842232000,0.9974127189631753,0.05303586519478344
11170530,남영동,1964,7952853,27276,1177788,12732364,134190809000,5283889000,9175842000,0.2429134549351439,291.5589324339187,4061.134351145038,6.775516667246849,6479.574554707379,14459731000,0.10775500280270495,0.025363688575813503
11170555,청파동,1671,30292145,75368,886225,10435216,9189286000,2354011000,4106947000,0.2180624903250032,401.91783093844947,18162.388157894737,34.26610480848,6241.1578947368425,6460958000,0.7030968455326021,0.06880558174221614
11170560,원효로1동,1305,19729625,67824,589017,17802780,8229612000,1414463000,3357485000,0.1542561304903751,290.89015849612974,15158.843032159264,33.61094058246098,13631.531393568148,4771948000,0.5798509090611015,0.06349979821834514
11170570,원효로2동,523,15905855,54504,708975,15268104,3160997000,747871000,916432000,0.1088418587458781,291.82377763507935,30458.700381679388,22.511846663356728,29137.603053435116,1664303000,0.5265120465073165,0.07731108688527112
11170580,효창동,242,14659048,42660,446197,14092804,2732673000,1190917000,502930000,0.1010053257917319,343.6170741426596,60500.85596707819,32.948843338607524,57995.07818930041,1693847000,0.6198498683816726,0.13451886950116912
11170590,용문동,630,10213905,45520,277531,14275640,4065315000,1796519000,1231501000,0.0799728849368533,224.37786955471103,16258.993660855784,36.9666380813744,22623.835182250397,3028020000,0.7448426503862942,0.06899649843792323
11170625,한강로동,4580,22864646,83908,2869816,19793376,86990909000,9472390000,34149995000,0.4148966274631138,272.49336781513307,5009.507531106745,7.996521729434316,4320.75442043222,43622385000,0.5014591237286478,0.025025630504015683
11170630,이촌1동,733,18169716,99732,2872767,23897164,7806275000,2096285000,2275108000,0.1598051514154851,182.18359018579608,24890.256130790192,6.3595278142892155,32557.444141689375,4371393000,0.5599844995775854,0.053775453653859814
11170640,이촌2동,241,6379195,31480,1205543,14384332,1254244000,653385000,383833000,0.0264893850873904,202.63635208538483,26490.39256198347,5.317661570212286,59439.38842975206,1037218000,0.8269666820594982,0.07107165422125039
11170650,이태원1동,2700,10255051,24060,582899,14731784,24739212000,2299993000,13963809000,0.1055820298796505,426.21050662898466,3805.6686412439835,17.63443300737691,5454.196223620881,16263802000,0.6574098641194631,0.04151218594032092
11170660,이태원2동,1275,11747704,34628,874243,13044076,5568331000,1350382000,2123828000,0.0912817688469407,339.244679315025,9233.80250783699,13.47716655762007,10222.630094043887,3474210000,0.6239230389457949,0.04095224317446176
11170685,한남동,3050,18666821,70844,3031897,17524352,34092649000,4078877000,12313546000,0.290397940060931,263.48819253299456,6141.48312028843,6.180176575861061,5743.805965257293,16392423000,0.48081986822200823,0.02483177867917417
11170690,서빙고동,320,7079022,49772,2821948,16834248,4551937000,1084221000,1294625000,0.092068556376649,142.22614670604545,22208.080996884735,2.526195193463808,52443.14018691589,2378846000,0.5226008179545102,0.057164448679862825
11170700,보광동,773,11719192,44536,715096,10182612,3073821000,982145000,1009109000,0.1050000924707859,263.1338437703482,15198.614987080104,16.45053468270738,13155.829457364342,1991254000,0.6478106562978746,0.0466884371234094
11200520,왕십리2동,530,17490646,63896,372425,13899976,5977523000,1278020000,1166863000,0.0935435047322369,273.7318809959779,33059.4011299435,47.13565110921364,26176.979284369114,2444883000,0.40901272978639935,0.09863259897614257
11200535,왕십리도선동,1875,22026090,104724,710285,16060524,23059874000,4365081000,6605500000,0.3139861533397242,210.32313201241345,11796.809168443497,31.157609751564863,8561.046908315566,10970581000,0.4757433193053985,0.05075764597045372
11200540,마장동,942,20559845,86224,1035276,12087868,12245972000,5651109000,2309323000,0.1820637754972044,238.44412873296608,21894.02863202545,19.942555470661475,12818.523860021209,7960432000,0.6500449290060402,0.05453225637104013
11200550,사근동,1460,16555913,47744,1169216,12398456,17196370000,3569272000,7952063000,0.2223757932847065,346.75700073306103,11364.583846680356,14.20066334991708,8486.280629705681,11521335000,0.6699864564050444,0.0430187962470881
11200560,행당1동,1264,22158361,54516,573566,15603364,21669265000,2695343000,8187029000,0.2156871333758514,406.44864904525195,17559.586561264823,38.72760636508028,12334.675098814228,10882372000,0.5022030973130744,0.07592023563684257
11200570,행당2동,266,18345124,91404,457669,17634976,4790659000,1429632000,831496000,0.1239301224950194,200.70153711503747,69050.66666666667,40.28345314309437,66048.59925093633,2261128000,0.4719868392903801,0.14578390462651747
11200580,응봉동,179,11777763,59760,553662,15433888,1436633000,621712000,331247000,0.0877211768260264,197.08108967386758,65764.01666666666,21.380375788159945,85743.82222222222,952959000,0.6633280728875586,0.1373033268427566
11200590,금호1가동,328,12753029,59000,444872,16040044,3977911000,1212399000,651911000,0.1504932660818564,216.1493703496551,38942.33738601824,28.799295529285885,48753.933130699086,1864310000,0.46866558842853306,0.09801818909713561
11200615,금호2·3가동,1030,25510464,87784,631196,15005736,7620632000,2786584000,1838803000,0.2317990351879223,290.6016289798941,24828.562560620758,40.55508502099978,14554.54510184287,4625387000,0.6069558272060696,0.07927184380684758
11200620,금호4가동,511,12049540,56568,832333,17768576,8532778000,3203749000,1203282000,0.134483755143893,213.00606339161024,23644.7421875,14.5447716902109,34704.25,4407031000,0.5164825569683774,0.06271764062288661
11200645,옥수동,663,11564045,101596,1922027,19345948,10450975000,3608330000,2617974000,0.2209474905657236,113.82270145772021,17568.73644578313,6.069443837446697,29135.463855421687,6226304000,0.5957629789951882,0.040804700635193106
11200650,성수1가1동,1218,12557234,61576,1885875,15482868,9936487000,2160432000,3472254000,0.1357049023640471,203.92734300144534,10351.77194421657,6.691219359067086,12701.286300246104,5632686000,0.5668689547355248,0.02999400110408925
11200660,성수1가2동,2996,22548576,47728,930086,13053176,30874157000,6260575000,10628704000,0.1184585235719622,472.42925684594275,7539.640974307641,24.294828333263446,4355.414080747414,16889279000,0.5470361182477942,0.0528168241370781
11200670,성수2가1동,2083,20140557,58176,1184964,11603048,20873873000,6382499000,7385814000,0.183904174236437,346.19449266892417,9692.290307101728,17.045847767655584,5567.681381957774,13768313000,0.6595955144184505,0.04220524566806502
11200690,성수2가3동,3267,22423163,40084,1054501,13433564,43826863000,7695486000,14502268000,0.166891010144791,559.3903704627667,6873.6985924112605,21.302232712692817,4110.637698898408,22197754000,0.5064874024749048,0.05424680596069985
11200720,송정동,434,11952424,38876,681916,10265848,2407319000,654553000,349697000,0.0608628998753026,307.442035136456,27566.206896551725,17.58469139206091,23599.650574712643,1004250000,0.4171653194208307,0.06791315652115869
11200790,용답동,981,13593501,47236,2377148,9937416,35310294000,2447630000,3053590000,0.1229626187132098,287.7723183097995,13890.770875763748,5.738275976810877,10119.568228105907,5501220000,0.15579649378858765,0.035673354218097454
11215710,화양동,3884,37741449,99284,1166008,9880104,54693376000,6550419000,24017753000,0.2767864335709225,380.13243692400664,9740.214414414415,32.453208337156916,2543.141312741313,30568172000,0.5589008072831544,0.055881356734822245
11215730,군자동,1700,26671201,76192,738025,10418140,17423218000,4504228000,5920080000,0.2232903415192017,350.0479177877233,15724.51087595532,36.24180313430692,6124.7148736037625,10424308000,0.5982998088758174,0.06527914880697143
11215740,중곡1동,1401,15227832,60872,614505,10169436,13028086000,4720865000,2790027000,0.1134667434311289,250.1574096890247,10904.924393723253,24.87966594305019,7253.520684736091,7510892000,0.5765153837197179,0.04586536583381452
11215750,중곡2동,1201,18108180,82048,545542,10220404,10725629000,2504337000,3440416000,0.1664612323240796,220.69958195712317,15133.301164725457,33.3433441543563,8502.831946755408,5944753000,0.5542568178934535,0.05637872118219457
11215760,중곡3동,952,19597094,62724,601866,9563844,6727676000,1645608000,1304867000,0.1577909287724437,312.4287604623356,20629.399790136413,32.66472160792999,10035.513116474292,2950475000,0.4385578317923518,0.06697288362409584
11215770,중곡4동,1077,25512016,109996,2313468,10095832,10105113000,3158837000,3143946000,0.1752895566236172,231.93374364755402,23768.100185528758,11.075148186554477,9365.335807050093,6302783000,0.6237221691015506,0.04618145533133481
11215780,능동,666,8765077,44212,1092105,11384092,17486615000,2153047000,5301118000,0.0596695917363985,198.24660167823944,13207.329835082459,8.066331473318524,17067.604197901048,7454165000,0.426278327713724,0.03611839516583149
11215810,광장동,909,24188979,135856,2393761,21138160,14493124000,4643081000,3673690000,0.2335776067079287,178.04735125904443,26730.58791208791,10.161760024597266,23228.747252747253,8316771000,0.57384253384061,0.053223736213299115
11215820,자양1동,1308,32279557,87180,568868,10983952,18018158000,5045516000,4189365000,0.1680304104434788,370.25908168064143,24726.307868601987,56.89664404282884,8391.101604278076,9234881000,0.5125319136111176,0.09434414878727268
11215830,자양2동,865,21376790,94364,1657523,11996852,11036681000,2641476000,2142095000,0.150054968287929,226.53303661315107,24793.48036951501,12.953751499224143,13853.177829099308,4783571000,0.43342477684791064,0.05109715010961965
11215840,자양3동,914,27222131,108772,1196419,17413664,14130983000,3387751000,4099131000,0.1724653189835545,250.26551625863036,29869.839344262295,22.84390347871149,19031.326775956284,7486882000,0.5298203245641283,0.06888920908421868
11215847,자양4동,1961,35775591,79260,1180023,11180536,23386860000,6284127000,8787258000,0.1673128548373675,451.3643658293486,18274.64373088685,30.3848489522247,5698.540265035678,15071385000,0.6444381588360114,0.06794123426584066
11215850,구의1동,1810,28525083,85792,565313,10734804,12899844000,2618901000,5853878000,0.1173135183905463,332.48730082873897,15798.384870237438,50.61058986687045,5927.5560463832135,8472779000,0.6568125164415312,0.0768488908724032
11215860,구의2동,1190,20522005,101872,1388041,11793312,13242167000,3937337000,4504046000,0.1808496487544283,201.44694865175268,17316.43744752309,14.858251407378162,9902.025188916876,8441383000,0.6374623578876885,0.041996330158037165
11215870,구의3동,1408,25849569,111344,1027561,16043916,29110701000,5419391000,6425680000,0.21817938606,232.15742961066954,18425.0624556423,25.26457089693858,11386.739531582683,11845071000,0.40689748417920624,0.05472753268026348
11230536,용신동,2770,58274592,153448,1618399,11577016,39079094000,10978129000,7677462000,0.3943834809977059,379.7652118945057,21085.54312522555,36.102347998022736,4177.9198845182245,18655591000,0.47738033536608143,0.07076334392196484
11230545,제기동,3407,49798053,91848,1181705,11168908,28646494000,14994709000,5038964000,0.4848928511315675,542.1730557763285,14639.055457746479,42.21853912902194,3277.2617370892017,20033673000,0.6993411828791565,0.07849777570847015
11230560,전농1동,1951,45523241,128428,1126695,12282780,17400562000,4323461000,4894240000,0.2553805579786852,354.4623177008308,23387.125512295082,40.51817792909534,6292.4077868852455,9217701000,0.5297358211459069,0.0766344147684166
11230570,전농2동,548,9947748,71816,977568,12544320,4828167000,1267347000,1406136000,0.1640631216870982,138.5152261999248,18250.57194899818,10.249469858393628,22849.398907103827,2673483000,0.5537262898003059,0.042845596584237755
11230600,답십리1동,897,27190000,111336,788242,14153620,12553327000,4014069000,3188075000,0.2017338507696556,244.21351392618806,30402.378619153675,34.635684680993045,15761.269487750556,7202144000,0.5737239219074175,0.07749652766425214
11230610,답십리2동,1049,23888560,109868,875745,12197040,14449664000,4071197000,2704805000,0.1719455357175985,217.4276638542264,22855.645714285714,27.403411491459853,11616.228571428572,6776002000,0.4689383780502482,0.06011862396855479
11230650,장안1동,2580,36288792,148764,1342167,11454832,32767443000,7649956000,8975256000,0.3302626379492046,243.9336671932242,14117.611778380473,27.148282480285626,4438.137156141031,16625212000,0.5073698304592344,0.048925020862153085
11230660,장안2동,2069,29971508,129504,996640,11681960,26842045000,8223536000,7890678000,0.2850054638925193,231.4312806455349,14541.551690821256,30.202462070093443,5643.458937198067,16114214000,0.6003348105332387,0.05200659639256121
11230705,청량리동,1415,25999343,74752,1204398,11441260,13191889000,2717221000,3895497000,0.2590404015590215,347.80333899642824,18413.908898305086,21.64905068835162,8079.985875706215,6612718000,0.5012715009578028,0.056052319980582604
11230710,회기동,1992,19186377,41252,766917,12869116,27101767000,2424637000,6130300000,0.1287190030010211,465.0904661479165,9647.581033617662,25.071297061745845,6457.158053186152,8554937000,0.3156597501441268,0.056305245614595996
11230720,휘경1동,820,23249579,54320,521796,10891096,10834811000,3349539000,2716387000,0.127003635718408,428.0035161355645,28384.773447015836,44.660852783745405,13265.646772228989,6065926000,0.5598552664592068,0.09311900972294856
11230730,휘경2동,682,18007618,96632,1113609,12286344,6005743000,1506537000,1181216000,0.1350501828649006,186.3506048658326,26506.954612005855,16.257262416824563,17988.790629575404,2687753000,0.44753047200862067,0.05578007356779884
11230740,이문1동,1356,35926097,70896,1039602,12003716,10725642000,2789665000,4055392000,0.2467700544883931,506.73649096576725,26526.89240972734,34.62571096851394,8845.77450257922,6845057000,0.6381955503793437,0.08437615881428218
11230750,이문2동,473,14883514,77540,723890,12551364,4117875000,1735620000,798193000,0.1070288611023281,191.94379747488426,31563.40506329114,20.66755077767233,26479.67088607595,2533813000,0.6153205231787462,0.06966314593760581
11260520,면목2동,1334,21968068,94320,763122,9288692,9346363000,2015069000,1623271000,0.1814596094751757,232.90749673985644,16526.133333333335,28.91065791491018,6957.821722846442,3638340000,0.3892786958532128,0.05359950084680832
11260540,면목4동,631,19337107,72484,843466,10294280,2951727000,1233987000,622284000,0.0885874844577345,266.77391184382975,30711.37816455696,23.011677990958745,16288.417721518987,1856271000,0.6288762474887155,0.06916288504773131
11260550,면목5동,435,9744107,58256,704936,8932292,7362006000,998971000,542145000,0.0551371549174786,167.26070686784422,22482.48394495413,13.90530359450561,20486.908256880735,1541116000,0.20933370602939827,0.05028945104722879
11260565,면목본동,1899,39088479,130592,849019,9347568,12847170000,3815777000,4254916000,0.2802963241716112,299.3152695780019,20641.616315789473,46.19334173517703,4919.772631578948,8070693000,0.6282078465040777,0.07514845002170759
11260570,면목7동,1053,24974294,84760,1236134,10622684,11804954000,4423220000,2388811000,0.1707782946232446,294.6436922641309,23775.1935483871,20.272101348153722,10078.447817836812,6812031000,0.5770485000977514,0.058137439170382235
11260575,면목3·8동,1757,25988120,97500,1614117,9419848,12165555000,3514305000,4007847000,0.2529535028980953,266.54208674782825,14838.236632536973,16.160912647030763,5358.275312855518,7522152000,0.6183155638506985,0.04176957434268068
11260580,상봉1동,758,17636454,92780,854219,11879652,13364959000,7455577000,2692258000,0.1166424221229374,190.08691434668737,23358.674571805008,20.75488047575566,15651.715415019762,10147835000,0.7592866539463917,0.055589460053747125
11260590,상봉2동,2244,29452200,81032,677445,10301728,26874550000,5303850000,9643953000,0.2030824460170282,363.4593313835104,13155.114476614699,43.594961074388216,4588.7429844098,14947803000,0.5562066341368987,0.06913959442601568
11260600,중화1동,504,20269440,74792,641493,10075824,4573215000,1807516000,682441000,0.1189995555947944,271.007179816293,40285.60792079208,31.713830526863852,19952.126732673267,2489957000,0.5444653267899136,0.08822145005277712
11260610,중화2동,1586,30842493,95072,1016955,9014208,10674131000,3328217000,3566272000,0.2043520743348154,324.40853870183963,19494.369880277252,30.42173407699055,5680.030245746691,6894489000,0.6459063505360852,0.06207560207590988
11260620,묵1동,1052,28207711,134644,1238436,12482872,13366634000,3230180000,3453544000,0.2405561746147955,209.4969066805303,26915.81671415005,22.885584813761216,11854.579297245964,6683724000,0.5000304489148105,0.059709068317448974
11260630,묵2동,1078,21971782,72016,669204,10135468,10518008000,2321968000,2823644000,0.1439475138679665,305.0916033714262,20429.8405931418,32.94027689571955,9393.390176088971,5145612000,0.48921925135546396,0.06624634680213329
11260655,망우본동,2259,44118674,145752,2948109,9774724,18812619000,4693344000,4496553000,0.4135722943684665,302.6947918739237,19586.029203539823,15.014509634986483,4325.099115044248,9189897000,0.48849641825582624,0.04667581450242293
11260660,망우3동,527,15989661,62460,962561,8924328,4700429000,1195013000,978645000,0.0743583347111066,255.99431645346695,30401.74431818182,16.676454088152244,16902.136363636364,2173658000,0.46243821564745724,0.06307619356643888
11260680,신내1동,1175,20643651,151028,2606949,11121964,14737276000,4547221000,3773155000,0.277964483989664,136.68666944758954,17682.55017006803,7.97663131245325,9457.452380952382,8320376000,0.5645803199611258,0.03246432362588853
11260690,신내2동,461,7102635,78700,911281,12242140,10646929000,5144593000,1688938000,0.1663724602114668,90.24834500196948,15544.015151515152,7.88047497920512,26498.138528138526,6833531000,0.6418311796160348,0.03763692330741209
11290525,성북동,1154,16624556,63500,2879912,13882992,10269702000,2542330000,3728904000,0.2893597120941032,261.7999086628557,14448.533333333333,5.794638935273392,12019.906493506494,6271234000,0.6106539410188675,0.03591037738256387
11290555,삼선동,1981,39613502,88500,926227,12229508,19756394000,7911896000,5615033000,0.282446474070063,447.60513440526097,20031.282542885972,42.864178150520175,6170.286579212916,13526929000,0.6846861324650295,0.08060437997556087
11290575,동선동,2509,32337646,59908,724957,11284032,32797791000,4127794000,11655080000,0.238270250391918,539.7794321387438,12907.39203187251,44.688870251793894,4495.630278884462,15782874000,0.48121759174326045,0.07959200121675859
11290580,돈암1동,153,10441010,57040,488898,14332468,2825771000,806614000,709369000,0.0560233986403404,183.04395084237655,68169.15584415584,21.472839993536496,93067.97402597402,1515983000,0.536484732649431,0.14312493507207485
11290590,돈암2동,226,10659604,93668,518335,17190368,2428654000,626018000,263648000,0.1469518179097332,113.80076652894768,47371.2422907489,20.745755648845538,75728.49339207048,889666000,0.36632060377216324,0.10888788172926976
11290600,안암동,1736,28809462,59476,1379571,11585884,18562800000,3888511000,8982537000,0.2922424405810545,484.3798779360089,16619.998848589523,20.92601038582981,6670.054116292458,12871048000,0.6933785850898906,0.06047944834749814
11290610,보문동,737,22073562,64580,553006,12650492,8338561000,1597533000,1549432000,0.1137478190338421,341.7965345844753,29997.48238482385,40.03229977197395,17141.588075880758,3146965000,0.377399049982677,0.08805342395626728
11290620,정릉1동,450,18581813,70928,412365,13365424,4420010000,1459271000,1149771000,0.0944042825854539,261.97765371004806,41358.62749445676,45.233460081578016,29635.08647450111,2609042000,0.5902796598672221,0.10618580279013062
11290630,정릉2동,594,23689627,90040,1094889,11738868,10243936000,3810165000,1922933000,0.1908385174468271,263.09822192112483,39965.8268907563,21.718772662093908,19729.189915966388,5733098000,0.5596577330666984,0.07859395204211124
11290640,정릉3동,682,11394843,59736,3327126,9930256,6508149000,2653888000,2371908000,0.2119048648557981,190.75017158544955,16770.979502196195,3.442783819192955,14539.174231332358,5025796000,0.7722312441260593,0.033568295594805134
11290650,정릉4동,688,14223113,96036,3570914,12152660,10050044000,3039569000,2321130000,0.2274769526084452,148.1003467413601,20782.509433962263,4.009938349134606,17638.11320754717,5360699000,0.5334005502330735,0.03729651738809905
11290660,길음1동,544,25603023,139168,797310,17849356,13150511000,5881325000,2111268000,0.2109122623215851,183.9707334248288,47233.37798165138,32.28626094460004,32751.111926605503,7992593000,0.6077781311610037,0.09788960721047901
11290685,길음2동,820,20503146,86664,588002,14944532,16702706000,1154899000,2423397000,0.1807075558566577,236.57931114059886,25078.940316686967,35.01650501783154,18202.840438489646,3578296000,0.21423450785673684,0.07377101645973656
11290705,종암동,1304,43349414,150592,1404527,13527532,17862605000,6174171000,4350890000,0.3299770763983174,287.85809433373396,33333.33793103448,30.971262943850174,10365.92490421456,10525061000,0.5892231843793655,0.07636507332781863
11290715,월곡1동,767,31321762,102320,801757,13176852,8100744000,1945560000,1496692000,0.1772819748216013,306.11274322964005,40916.7734375,39.193973742700415,17157.359375,3442252000,0.4249303520238474,0.09570361374129495
11290725,월곡2동,1312,24392773,75600,1364901,12552104,15840350000,4491914000,4692533000,0.227842695724828,322.6514596367773,18635.470677837013,17.926835040171383,9559.865955826352,9184447000,0.5798133879251524,0.0524624004551365
11290760,장위1동,656,28984548,93416,708546,8927912,4390710000,1382900000,1126042000,0.1723300406577213,310.27059314685766,44258.69710806697,41.03886404148208,13588.907153729071,2508942000,0.5714205673862722,0.09865482066061411
11290770,장위2동,786,17905644,52320,679894,9645172,5892946000,1291779000,1234030000,0.1436889133775618,342.2267158502322,22818.25158831004,26.412849042866913,12255.618805590851,2525809000,0.42861567025582525,0.06650967513671638
11290780,장위3동,265,10766673,62076,652601,12455300,4221958000,1564116000,882826000,0.1370871067985409,173.44061407606682,40709.582706766916,16.593190030064267,46824.436090225565,2446942000,0.579575163803246,0.08551448367812266
11290810,석관동,1585,42538831,135072,1705061,11456728,16819111000,5476807000,5528893000,0.2575880633174122,314.93215520496324,26906.62232030265,25.027772010636564,7223.662042875158,11005700000,0.6543568206039929,0.06474706386737604
11305534,삼양동,625,44514241,89608,924092,9892844,9296234000,4314502000,790450000,0.2764394905793704,496.76082759544244,71252.15495207667,48.26770573957383,15803.26517571885,5104952000,0.5491419427964979,0.14221579921922953
11305535,미아동,1423,31178708,83364,841204,9275480,15478729000,2738151000,3894299000,0.2383569811889978,374.00237509746296,21953.70224719101,37.16344054065299,6513.679775280899,6632450000,0.42848802376290146,0.07354822962049008
11305545,송중동,1904,48269676,114304,1075796,10221788,24886698000,3712383000,7504302000,0.375693793386389,422.2884038318534,25398.41469816273,44.97500922571823,5365.767979002625,11216685000,0.4507100540035199,0.08567332728990058
11305555,송천동,1556,50468560,98992,929913,9778228,12917243000,3747071000,3523808000,0.2706229752766921,509.8194821856091,32477.55427103404,54.37874039964986,6280.1721258831085,7270879000,0.5628816458308571,0.10601092777983616
11305575,삼각산동,563,12288410,122416,621911,14937908,7338656000,2825736000,1674325000,0.1903342745082869,100.38156465196828,22005.010638297874,19.955919808590284,26485.652482269503,4500061000,0.613199610308318,0.054898213223195325
11305595,번1동,1478,28109898,69432,627036,9215888,19746417000,2318392000,4981182000,0.2253015499123805,404.84925035645875,19052.961460446248,44.9404580590938,6231.161595672752,7299574000,0.3696657474432113,0.07915853486010627
11305603,번2동,316,11330241,59464,974298,9234156,2752088000,741205000,324992000,0.1928609923568076,190.53629866307912,35929.66876971609,11.690153638667391,29129.829652996847,1066197000,0.38741384709085835,0.06739461993985986
11305608,번3동,370,13253082,65424,1081177,10193304,5503370000,2658840000,1250492000,0.1584549449316672,202.56907909820404,35898.93800539084,12.318513695247221,27475.212938005392,3909332000,0.710352383955585,0.06762605604456425
11305615,수유1동,1176,23720903,79368,1649963,8881852,12661696000,5215780000,2332251000,0.2590906377346613,298.8686136904837,20221.130841121496,14.424721387860584,7546.17841971113,7548031000,0.5961311185645168,0.04841317669199356
11305625,수유2동,973,21592382,82008,581617,10308032,6116491000,1838028000,1958616000,0.1304127122372666,263.29283371337294,22252.967145790553,37.26567953536514,10583.195071868584,3796644000,0.6207225677891585,0.0701340832550382
11305635,수유3동,3110,39309779,91952,745645,8823996,30982821000,4430780000,11950808000,0.2631891169927703,427.49860254695335,12665.29443908711,52.84240913248378,2836.3857280617167,16381588000,0.5287313249968836,0.07931554643322905
11305645,우이동,1420,16116889,79064,10587752,9828576,10293865000,2602917000,4654723000,0.2302162081519667,203.84353380130273,11397.5742434905,1.5296874605971635,6916.661505981703,7257640000,0.7050451894691601,0.023111684486388537
11305660,인수동,1193,32772259,116276,2998011,9439960,6926428000,2768065000,1755544000,0.3072603131742681,281.8464442667079,27544.836683417085,10.970114529228034,7906.1641541038525,4523609000,0.6530940622420252,0.05159603467421884
11320511,창1동,787,14068393,95096,1122171,12152036,9809058000,2439845000,2922520000,0.1520302805430112,147.9372956034365,17973.970812182743,12.621495635250211,15421.365482233503,5362365000,0.5466748182601556,0.04088549367717519
11320512,창2동,903,43348170,112688,654442,10206520,9230407000,2994851000,1783918000,0.1621527968656477,384.67081968958814,48076.1703539823,66.40892789746395,11290.398230088496,4778769000,0.5177202911510056,0.12729900746489614
11320513,창3동,779,14522769,52652,655485,8917692,3807325000,1288474000,1291160000,0.1026648883031442,275.8203521166885,18686.43717948718,22.236052333688285,11432.938461538462,2579634000,0.677544995324133,0.05477151739854377
11320514,창4동,820,14699674,104672,1140172,14191836,10155649000,1789104000,3301386000,0.2258682653562669,140.4342476092211,18032.090133982947,12.98429799688293,17286.036540803896,5090490000,0.5012471383659235,0.04192124726792826
11320515,창5동,1062,16125560,95536,701480,13192104,17252546000,3350700000,4015275000,0.1934640117909073,168.78863686320483,15259.732831608655,23.124070359710384,12410.257761053621,7365975000,0.42695002810443455,0.046926825649594064
11320521,도봉1동,1591,14485022,80120,8451468,9101508,13358203000,3930075000,4128343000,0.2053537366058256,180.78933113665582,9148.958542713568,1.7233858397871424,5717.027638190954,8058418000,0.6032561415181925,0.019175530563848436
11320522,도봉2동,856,12847406,103960,1119031,11247280,6761199000,2457313000,1622667000,0.2197856811757296,123.57909215955983,15112.445740956826,11.573722646001187,13124.014002333723,4079980000,0.6034403068740559,0.034572861474005956
11320660,쌍문1동,635,19587084,81936,1175774,9762140,4960163000,1893017000,1151035000,0.2225183317673464,239.05053882861222,30926.132075471698,16.728557759775466,15349.276729559748,3044052000,0.6136999932031064,0.06178039943409093
11320670,쌍문2동,903,17813758,71620,541193,9720616,12282448000,2275120000,3180600000,0.1358018229887584,248.72255344102987,19784.71017699115,33.0479975757307,10752.893805309735,5455720000,0.44418832463657176,0.06338809573696416
11320680,쌍문3동,788,21554095,65796,504805,9752288,8434273000,2135619000,2764384000,0.1199909918932916,327.5847683025062,27401.636248415714,42.82811812854839,12360.31432192649,4900003000,0.5809632910173808,0.08448552405161797
11320681,쌍문4동,220,9052101,72244,554868,11873140,4863262000,2372422000,539879000,0.0980248606515551,125.29726624679908,41286.628959276015,16.444142671513458,53724.61538461538,2912301000,0.5988369533455452,0.08725313945749336
11320690,방학1동,1895,25828245,110980,1040857,11582808,26530221000,11048424000,5499626000,0.251277418164836,232.72672799848624,13681.025843881856,24.921002672794945,6109.0759493670885,16548050000,0.6237433905799826,0.04690489853314156
11320700,방학2동,778,11422688,74140,1092814,8396584,6676848000,3042732000,1174341000,0.0982802110519389,154.06708838564356,14758.444159178434,10.520379021151797,10778.670089858793,4217073000,0.6315963759199555,0.03364866304803381
11320710,방학3동,446,13747476,104308,1951026,11848368,5354006000,1172035000,2113010000,0.1926599492967597,131.79568397741326,30988.331096196867,7.099739778075854,26506.41610738255,3285045000,0.6135676723908102,0.05390962179645664
11350560,월계1동,1167,18210025,82104,1107461,11109588,15177559000,3571163000,5444383000,0.2819479364533991,221.789476889349,15661.069349315068,16.51716176266093,9511.633561643835,9015546000,0.594005004322895,0.0427825363982124
11350570,월계2동,421,14790242,101940,2004785,10912372,5139428000,1973528000,946084000,0.2439424654998504,145.0862950137825,35289.5308056872,7.428315042104245,25858.701421800946,2919612000,0.5680811170877224,0.05863911825823312
11350580,월계3동,446,9967213,114884,1168283,12442700,18345067000,14544088000,1596284000,0.2321027325762673,86.75817556687122,22555.026845637585,8.629834012962602,27836.017897091722,16140372000,0.8798208258994191,0.04552293146160852
11350595,공릉1동,2456,42672471,143836,1263261,11144548,37039268000,9547400000,10131396000,0.3670191751249157,296.672420865285,17426.254375254375,33.89344965652414,4535.8355718355715,19678796000,0.5312954888705874,0.06095472203876233
11350600,공릉2동,1610,33136178,165740,6983449,13579508,22886956000,6663478000,6086253000,0.4829979533529794,199.92746514139532,20671.581626319057,4.76869140611016,8429.241464928617,12749731000,0.5570741255168632,0.03540239573270323
11350611,하계1동,686,14726495,104512,1527061,14444244,20375035000,9731499000,4032302000,0.2282109158429202,140.90586816951,21588.07423580786,9.712118433960114,21025.100436681223,13763801000,0.6755228150196786,0.0446168886881928
11350612,하계2동,166,10553361,85224,500023,14503760,1896816000,980068000,313037000,0.1057451259562587,123.8294045174538,63704.10179640719,21.276148744860247,86848.86227544911,1293105000,0.6817240044992641,0.13183370792010182
11350619,중계본동,687,15883220,92160,2183234,16788992,17152962000,4652962000,2414612000,0.1501546908305809,172.34209698245462,23220.029069767443,7.317297496604809,24402.60465116279,7067574000,0.41203227754996297,0.04776529032720782
11350621,중계1동,410,15099400,105272,623451,18492908,12594537000,1956214000,2392996000,0.1314376024129321,143.4308892118587,36994.335766423355,24.387879098952286,44994.9099756691,4349210000,0.34532511990354825,0.08609602755092237
11350624,중계4동,1001,11375979,76456,1519449,12786640,17272511000,6370047000,5197973000,0.1195098656318257,148.7892410112874,11429.575848303393,7.5372239955246965,12761.117764471059,11568020000,0.6697358594433817,0.02873266719331655
11350625,중계2·3동,560,16878906,130008,919083,11746728,26838739000,18069663000,3128102000,0.2400730594323616,129.82875031728574,30318.919786096256,18.50637591340944,20938.909090909092,21197765000,0.7898197079680301,0.05993676281069474
11350630,상계1동,1421,28657219,147336,5402614,12121264,25332200000,8338167000,9318440000,0.3210419278899268,194.50117078534245,20256.367791842476,5.33159497761732,8524.095639943742,17656607000,0.6970025106111194,0.03525559226389992
11350640,상계2동,2827,41754439,76420,623125,12491608,55204258000,5751395000,15593783000,0.3052581461115218,546.3738893759569,14791.675742574258,67.1306589678492,4417.117397454032,21345178000,0.3866581813238635,0.10136006482023782
11350665,상계3·4동,1010,34844731,109956,5211708,10576744,4018609000,1661135000,934487000,0.1654361946460541,316.8941586256446,34574.36894164194,6.706952940004901,10461.665677546984,2595622000,0.6459006087315535,0.0579511354198387
11350670,상계5동,1285,23588232,91916,906891,9925760,6842596000,2598720000,1899015000,0.1754323734544628,256.6253467802474,18413.80093312597,26.11132086290319,7718.320373250389,4497735000,0.657314124543183,0.0546933108649432
11350695,상계6·7동,1118,25576909,125600,1450295,12611344,40135690000,4324957000,5494459000,0.4329796563014301,203.63618920231528,22969.17694369973,17.722250492313293,11270.19124218052,9819416000,0.24465546748430997,0.05077943443210693
11350700,상계8동,192,3765690,87392,666348,12614244,4575214000,1399538000,934672000,0.1416371433203923,43.08914901651162,19964.155440414506,5.782378303261504,65358.77720207254,2334210000,0.5101859715173572,0.05986290391715539
11350710,상계9동,263,7332309,78656,719445,11823952,5217110000,1664400000,920089000,0.1197462560812865,93.21877264579122,28071.83712121212,10.300932940067774,44787.69696969697,2584489000,0.49538710119292345,0.06238727459507304
11350720,상계10동,166,7477243,72736,809214,12528392,2828017000,933254000,408231000,0.1011285676369541,102.79834197176127,45209.45508982036,9.330003769084854,75020.31137724551,1341485000,0.4743553520101345,0.09581642690856296
11380510,녹번동,1342,26180148,144368,1794215,12223456,14775876000,3969362000,4516762000,0.2484022713666784,181.3418947280926,19601.27773641102,14.671876741707798,9101.605361131795,8486124000,0.5743229030499225,0.04242118552540703
11380520,불광1동,1099,20298798,150036,3124927,12731852,19604054000,4214636000,3909830000,0.3413221025879768,135.29194798616342,18589.84909090909,6.5437776486370245,11574.41090909091,8124466000,0.4144278525036491,0.03321718661551086
11380530,불광2동,1122,23537276,106400,1396089,9585828,12700805000,4376591000,2935419000,0.1860814386127111,221.21292093119425,21054.030276046306,16.935638819846858,8535.910952804987,7312010000,0.575712326850486,0.04766695084463367
11380551,갈현1동,1679,23568921,57880,961071,9924800,15049402000,2187891000,6152301000,0.2295383411449453,407.1961610891311,14063.572023809524,24.583799132635225,5907.619047619048,8340192000,0.5541876015702027,0.05653588361952238
11380552,갈현2동,1580,22991293,109660,985165,10157028,17303603000,5212271000,4695386000,0.2024306510338771,209.6578820182198,14611.608475648323,23.448792386257747,6424.432637571157,9907657000,0.5725776879778981,0.045400212430990045
11380560,구산동,729,21973984,125716,1389775,10409336,7128304000,2280644000,1178497000,0.2132777005534285,174.78928068598518,30273.561643835616,15.901627312602894,14259.364383561644,3459141000,0.48526844527319984,0.05624089745188265
11380570,대조동,2193,50253141,109436,851692,10140052,21865317000,4708925000,5825730000,0.3448588976735965,459.1969900490693,22954.684138559707,59.132312934355454,4621.719234275296,10534655000,0.4817974968996883,0.09737587340674858
11380580,응암1동,1245,20571946,130636,1109863,10904532,17631517000,2869826000,4428289000,0.2200319626297724,157.47411529658518,16615.23434991974,18.65326021927011,8751.630818619582,7298115000,0.4139243945705906,0.04155053729642652
11380590,응암2동,603,15878568,109316,755247,14040980,5100554000,1755782000,743716000,0.1521411775973757,145.25250418507642,26470.006622516557,21.169051755185052,23246.655629139073,2499498000,0.49004441468710175,0.06081059087954764
11380600,응암3동,1984,32947939,93716,752773,9443640,22367992000,10308074000,5311467000,0.22965099677618,351.56843475570065,16645.670025188916,43.89319370754038,4757.501259445844,15619541000,0.698298756513401,0.0721490645118022
11380625,역촌동,2127,45557097,175068,1157542,10087508,19348729000,6020997000,5086287000,0.3052469945247412,260.2236660973673,21490.67904135338,39.50796212322134,4740.37030075188,11107284000,0.5740575517609422,0.06782401824945763
11380631,신사1동,790,24957759,105848,808314,10550324,12388583000,3336115000,3230965000,0.1495880600043403,235.78644106226795,31685.97597977244,31.007227380414815,13337.957016434893,6567080000,0.5300912944983223,0.07366509747198383
11380632,신사2동,478,10819242,75628,1046222,10541200,4009807000,2233553000,763768000,0.134986718863392,143.0567903846408,22745.031315240085,10.413525605917668,22006.680584551148,2997321000,0.747497572639407,0.04701596278630857
11380640,증산동,625,12891143,72960,807409,11353800,6719891000,1445107000,1146455000,0.1269388476477232,176.6853935664259,20709.429712460063,16.056406286768805,18137.0607028754,2591562000,0.3856553625072705,0.0496555412355142
11380650,수색동,437,11651117,81760,1290258,13015888,2409362000,386325000,563362000,0.0911142185613707,142.50213426939496,26787.390410958906,9.093427753652561,29716.639269406394,949687000,0.3941653431928596,0.05412405349777254
11380690,진관동,1525,27235357,217472,11565110,16283452,47259070000,5045703000,8531199000,0.4342349497176348,125.23557866953598,17990.058322411533,2.3737626902154245,10670.676277850589,13576902000,0.2872866943787238,0.027914176964875755
11410520,천연동,764,14277483,66188,982817,16790872,7101058000,3242020000,2075975000,0.2176217791429735,215.7077913248425,18749.896732026144,14.594432539900572,21948.8522875817,5317995000,0.7489017832625925,0.050887411449238105
11410555,북아현동,549,80920348,61604,458945,16690636,6366096000,2846216000,1068826000,0.115567023479615,1313.5353948543138,147239.91272727272,176.45202703586043,30346.61090909091,3915042000,0.6149831858308478,0.3803118655693185
11410565,충현동,1776,43925085,78728,1116001,12840924,11855397000,2259651000,3927730000,0.3255273378227039,557.9276378462828,24762.978615644344,39.429869301309495,7226.1812042768715,6187381000,0.5219041588803898,0.08881514214565189
11410585,신촌동,5071,43770784,80540,2720364,13327072,83928984000,9248085000,23025367000,0.6546659008619554,543.4596540892217,8645.765772870662,16.119647179698312,2627.577287066246,32273452000,0.38453285696411466,0.04964488615924282
11410615,연희동,2387,34298768,134896,2929172,13534996,147805234000,5995896000,6572365000,0.360026854799253,254.25893830107415,14419.457286432162,11.755421752146425,5667.921273031826,12568261000,0.08503258416352812,0.0370105708632688
11410620,홍제1동,727,25041462,98816,1235632,13836468,10094841000,2819939000,2325818000,0.2284510190435642,253.4124897537873,34533.3489010989,20.346072013291973,19006.137362637364,5145757000,0.5097412628381427,0.07128361682499113
11410640,홍제3동,1086,15825902,70660,1192508,11231064,11443152000,3896100000,2800234000,0.2231196171992792,223.96940320686093,14624.252069917204,13.330349708052518,10332.165593376265,6696334000,0.5851826489252976,0.03960318014517128
11410655,홍제2동,360,7772289,52744,699978,14658092,4649727000,778189000,1025393000,0.0802982203026582,147.35593895155938,21675.991689750692,11.178953940046773,40604.13296398892,1803582000,0.38788986957989363,0.05767363821008294
11410660,홍은1동,673,14983276,88632,1615140,12375436,3702457000,1395907000,915957000,0.1403489401752884,169.04850337910258,22361.88130563798,9.33163606149556,18361.181008902076,2311864000,0.6244134636474067,0.04503723901622392
11410685,홍은2동,946,17009479,114020,2075085,11497768,10036565000,2586292000,2471267000,0.2970621235658039,149.17847589479132,18081.836325237593,8.251946666306843,12141.25448785639,5057559000,0.5039133408189044,0.03533039975388329
11410690,남가좌1동,616,4566187,66796,475536,18491356,8553523000,2125563000,1460953000,0.1480856968351496,68.35916283665433,7508.886547811993,9.742634116798483,29969.782820097244,3586516000,0.4193027831433548,0.03244271699691968
11410700,남가좌2동,1332,24689178,116332,783775,12950876,14725744000,5438453000,3839954000,0.1912952586361146,212.2284992220608,18608.784696174043,31.648723614910384,9715.585896474118,9278407000,0.6300806940124668,0.05842191980974402
11410710,북가좌1동,313,10529208,70252,577979,16021664,5325671000,1228362000,552188000,0.0860362851238545,149.87556403285268,33756.24203821656,18.33880065054154,51024.4076433121,1780550000,0.33433345763673095,0.0815725932098656
11410720,북가좌2동,1160,42476143,122692,824866,10362584,10472168000,3019147000,3235497000,0.1942725710588909,346.1985850863537,36691.50301464255,51.643277037389055,8925.567614125754,6254644000,0.5972635274188436,0.10006340118685284
11440555,아현동,1082,30473357,113340,744328,20949676,2126041611000,5472892000,3787700000,0.2379284741961946,268.86437388059045,28242.564173591876,41.09298038904839,19344.114496768238,9260592000,0.004355790569705667,0.0845464412612709
11440565,공덕동,2062,52589533,145704,1019197,16190808,15999875000,2975843000,4981713000,0.2933026727241378,360.93156034453176,25562.40281143965,51.74189607907394,7848.186136694135,7957556000,0.4973511355246618,0.08978941664212532
11440585,도화동,1621,17190247,81772,625018,16869732,23859914000,2201195000,8325792000,0.2439147836049609,210.21910655106208,10648.593711467325,27.63439031453444,10400.574599260173,10526987000,0.44119970422185095,0.04764090121013642
11440590,용강동,1721,23467920,84392,790602,19148848,21110467000,3743217000,7109699000,0.1443664249128079,278.0789875937578,13677.30081300813,29.790314481478063,11120.120789779327,10852916000,0.5141011802100777,0.05658345218759573
11440600,대흥동,1435,29039461,58876,858570,13684248,16742122000,3154771000,3997181000,0.3588435601046842,493.22249774954565,20263.465877437327,33.89159079447128,9529.42061281337,7151952000,0.42718312526768215,0.07743888753475894
11440610,염리동,906,20822249,66876,491468,16205752,143897619000,961599000,3896789000,0.0707375858941426,311.3514212659061,23031.00882028666,42.50344375738857,17867.422271223815,4858388000,0.03376281020998852,0.08234247465676667
11440630,신수동,952,20117895,88184,797879,16630420,8169935000,1903501000,1944630000,0.1190402282873616,228.13284572206157,21202.60125918153,25.324709229458065,17450.5981112277,3848131000,0.4710112136178548,0.0607001853651808
11440655,서강동,2290,24524635,98224,1478577,17358952,16901352000,4436700000,5941591000,0.2799124239180482,249.67813693051667,10747.646879092099,16.653067339024386,7577.019642077696,10378291000,0.6140509350604584,0.03866972801333878
11440660,서교동,12066,70492350,96148,1678981,12849032,164270721000,19835255000,56319554000,0.638084691458387,733.1573911325131,5849.713930554404,42.04243881113675,1064.8074915057596,76154809000,0.4635933204404479,0.07932423050120783
11440680,합정동,2767,18576932,65240,1712389,12780108,27917433000,5279415000,12709980000,0.1801143614009104,284.743213623335,6734.888728323699,10.88663914178429,4617.091040462427,17989395000,0.6443785501108079,0.030045014638860876
11440690,망원1동,2483,28983736,76604,1101005,11210144,21418837000,6577160000,8849061000,0.1514868082280938,378.3530578943933,11699.00966183575,26.394352074375618,4512.940418679549,15426221000,0.7202174888991304,0.05347219165448969
11440700,망원2동,1235,23311301,71668,676411,11651240,10131852000,3594445000,3099009000,0.1358092225082806,325.26337747143117,18918.259708737864,34.56912207352915,9426.569579288025,6693454000,0.6606347979954075,0.06737822282150609
11440710,연남동,4482,25926612,56808,647438,11920648,23296706000,4652794000,14102522000,0.077289078609321,456.3821225510042,5795.989292884229,40.13261481004388,2659.0782957840734,18755316000,0.8050629990005856,0.06316625313836975
11440720,성산1동,1186,23509836,74172,859254,11258584,10697264000,2639948000,3011765000,0.1390019648878589,316.9594866056382,19868.58298230834,27.447041914216385,9484.90648694187,5651713000,0.5283325717184943,0.06161303430347058
11440730,성산2동,1199,27445971,154148,1978724,14085888,24019903000,14562346000,2767889000,0.2718416002700661,178.04832337543544,23000.099166666667,13.94843598782044,11738.24,17330235000,0.7214947953486117,0.04635377668225583
11440740,상암동,2999,21262050,118648,8402415,16633944,39646403000,5005422000,10071701000,0.4543350301043608,179.20125749058147,7126.899333333334,2.544589318119931,5544.648,15077123000,0.38028980837479026,0.017789466310619194
11470510,목1동,2251,19621707,121104,1433111,22670688,71583205000,8451186000,13238383000,0.3188416572687471,162.02226993105157,8766.789964476022,13.776181484768811,10066.912966252221,21689569000,0.3029980146837097,0.03084825524537407
11470520,목2동,899,27309793,115264,1021355,12979852,13871197000,3604171000,3584649000,0.1528269485497201,236.93049060859758,30472.285555555554,26.851613932850054,14422.057777777778,7188820000,0.5182552017307335,0.0695643157819918
11470530,목3동,951,19722399,84824,531850,12406848,17742371000,7586152000,3296718000,0.1449016973873014,232.5069142351901,20805.90651260504,37.242052755376974,13032.403361344537,10882870000,0.6133830703566404,0.06845030755477707
11470540,목4동,1103,22779812,97712,577493,13707432,14231406000,5891454000,2707047000,0.1279956905307056,233.12979849150062,20722.394927536232,39.61517175936027,12416.152173913044,8598501000,0.6041919540062175,0.07012806789748535
11470550,목5동,676,18241960,162808,1766361,23951284,34390478000,5371488000,3648418000,0.2499400637485021,112.04515720875382,27185.772525849334,10.419590095348518,35378.55834564254,9019906000,0.2622791692438157,0.05725038250156564
11470560,신월1동,1336,16334963,77460,622400,8908616,10425252000,5333038000,2208594000,0.1037685086453842,210.8798363047211,12275.559461480927,26.369531861291996,6663.13836948392,7541632000,0.7234004510659886,0.04594952803330998
11470570,신월2동,499,14305793,83116,606811,10908900,7531619000,3122063000,1369050000,0.0941142901508039,172.11632999266095,28777.818,23.712301338800156,21817.8,4491113000,0.5963011404856909,0.0658909064908989
11470580,신월3동,513,10878450,57044,918039,8608976,6974826000,1370814000,870823000,0.1005625085753571,190.69944780436498,21275.280155642024,11.911783800270141,16748.980544747083,2241637000,0.3213896661620821,0.046535440631908606
11470590,신월4동,698,13352654,69780,469873,10556332,8100918000,1311526000,2329807000,0.0901273718438286,191.35085481721384,19202.33762517883,28.566028339512293,15102.048640915593,3641333000,0.4494963409764799,0.05824294744994369
11470600,신월5동,605,11946585,55916,638302,10462212,9165415000,1341016000,2036824000,0.0749556320736695,213.6485326466012,19806.107260726072,18.80376717640368,17264.37623762376,3377840000,0.3685419590527497,0.05275158299283279
11470610,신월6동,487,3939616,55468,444286,11429028,7455585000,3094691000,1716152000,0.0651144050805835,71.02374299158089,8186.647540983607,8.992124460089986,23420.139344262294,4810843000,0.6452670044476366,0.028785516079720394
11470611,신월7동,644,8446716,74352,1230628,9375772,5525955000,2510385000,1124470000,0.114992447706222,113.60289430150767,13210.958139534883,6.924156671100714,14536.080620155039,3634855000,0.6577786100940419,0.028959868814740906
11470620,신정1동,971,12791034,78864,747568,20185024,11767784000,2500105000,3124520000,0.1516580153581402,162.1889811703544,13240.635802469136,17.215665711124995,20766.48559670782,5624625000,0.47796806939369657,0.04430541244154197
11470630,신정2동,777,17404372,75092,525899,18901260,11493228000,3255784000,2844620000,0.1086871413873891,231.77089742053187,22467.177377892032,33.23723901882487,24294.678663239076,6100404000,0.5307824746423909,0.07299394809107124
11470640,신정3동,683,29709560,198092,2756536,12635376,14488930000,4526312000,1863857000,0.3660543231846265,149.97783869192753,43724.63742690058,10.849719049662674,18472.77192982456,6390169000,0.441038020030393,0.06563313386438305
11470650,신정4동,2452,43757198,126748,997144,10438800,26732250000,4793073000,8054521000,0.2621941327236287,345.22716550031953,17889.908683245005,44.00959338912595,4255.52384834896,12847594000,0.4806027924891993,0.07278868663364237
11470670,신정6동,252,8070056,95836,940885,21537648,8154668000,2003206000,748800000,0.1163316986791894,84.20605820299049,32276.252964426876,8.678938787483286,85129.04347826086,2752006000,0.33747615472052617,0.08779916700807922
11470680,신정7동,539,12254788,113100,1234130,16377616,13067701000,3751560000,2128590000,0.1753519765911102,108.35260519358803,22903.496296296296,10.021535801304724,30328.91851851852,5880150000,0.44997586029478515,0.049713422480840486
11500510,염창동,926,33371178,165000,1732856,16510016,18022628000,4709476000,3625556000,0.2469520134236168,202.24833788886127,36177.1067961165,19.353113384428145,17810.157497303127,8335032000,0.46247594965271016,0.06844168944137274
11500520,등촌1동,1343,20547414,99732,650741,13291352,14785154000,3017777000,4404318000,0.1500186519033325,206.02422467989533,15362.45982142857,31.728620559299998,9889.39880952381,7422095000,0.5019964620928536,0.05516959772395265
11500530,등촌2동,438,14859737,77248,910666,13410544,6834474000,1165186000,1615201000,0.0801537414172058,192.36154513327034,34025.022779043284,16.402246924506983,30547.936218678817,2780387000,0.40681799354173886,0.07063841103011549
11500535,등촌3동,1461,28338246,117560,1060362,13613560,25333051000,4098904000,6086228000,0.3210579619311185,241.05142011381326,19463.61559507524,26.83590996668122,9311.600547195623,10185132000,0.40204916492679665,0.05638163899358221
11500540,화곡1동,2653,64975236,202972,1197746,9941820,30720031000,7672378000,8752452000,0.3777032152457869,320.1176314091037,24558.480783722684,54.41734189273695,3745.9758854559154,16424830000,0.5346618953433132,0.08654276267154634
11500550,화곡2동,408,13271736,68164,454621,9542124,4830798000,1210033000,541595000,0.1030482614003658,194.70015403799604,32615.892420537897,29.34283866596865,23330.37652811736,1751628000,0.3625959933819224,0.0765918896044817
11500560,화곡3동,1037,15137901,84372,521858,12531128,12495407000,2406778000,4236907000,0.1318377872806513,179.41641283348937,14665.002890173411,29.169321598362774,12072.377649325626,6643685000,0.5316901641913953,0.05205302715761936
11500570,화곡4동,1322,18287330,78880,852049,9695072,12260889000,2807995000,2734921000,0.1662026253267942,231.83440879299198,13882.244897959185,21.555319523502142,7328.096749811036,5542916000,0.45208108478495473,0.044803083339565224
11500590,화곡본동,1260,31520813,131824,972735,9595180,16666616000,5211078000,3889113000,0.2401428888915811,239.1110411530438,25101.218873909595,32.53980216626094,7609.183187946074,9100191000,0.5460131198471235,0.06563226049253695
11500591,화곡6동,1942,21928536,97428,1037911,12162052,21050553000,3613387000,4931909000,0.1953505838315174,225.0719600940172,11336.059701492537,21.221417615366235,6259.419454451879,8545296000,0.40594163961365093,0.04110222185478731
11500593,화곡8동,1130,33072892,93872,593322,9893524,12328134000,4978186000,3471475000,0.1565068248036198,352.3152770232122,29325.167108753314,55.900013989007675,8747.589743589744,8449661000,0.6853965895661585,0.0970430925149051
11500603,가양1동,5672,13018981,135520,4970691,14241552,274718562000,9158430000,29566220000,0.4905667359673599,96.0661521092672,2318.790939538163,2.6464124109882485,2510.409307244844,38724650000,0.14096117028982932,0.006950318758943943
11500604,가양2동,246,8566320,53840,823874,12261280,9014871000,5187424000,647571000,0.112655651752946,159.10402852844487,34899.43319838057,10.46294644211804,49640.80971659919,5834995000,0.6472632830079029,0.07546825721183495
11500605,가양3동,172,7719819,56756,474228,12188204,1564449000,626280000,200580000,0.0723600434885861,136.01527564881866,44951.30057803468,16.398353959795795,70452.04624277457,826860000,0.5285311310700885,0.10096332239196591
11500611,발산1동,2556,21755461,142572,2887669,12770068,66676493000,11049020000,8722980000,0.433292160769659,152.5917319548582,8563.955025420415,7.583287910322163,4994.160344153304,19772000000,0.2965362920287884,0.021771611530461144
11500615,우장산동,1045,27557541,174836,1261588,16542696,20835689000,7447378000,2717561000,0.2649524835566451,157.61847320647232,26512.788718929256,21.982101143874907,15815.196940726577,10164939000,0.4878619084548698,0.05794895547534851
11500620,공항동,1670,22239824,117744,10861768,11587272,22337015000,4612380000,5245902000,0.2988641109197021,188.881260350758,13379.75344105326,2.0583726278840953,6934.333931777379,9858282000,0.44134285622132846,0.024634726788972532
11500630,방화1동,1736,30512053,167312,1475606,13631664,19535863000,5334259000,4778822000,0.3435282532148284,182.36510611847257,17662.27115716753,20.791013460901176,7847.8203799654575,10113081000,0.5176674815687606,0.045274331959684944
11500640,방화2동,1433,18979878,90384,6157541,10833588,24183664000,3699820000,3324686000,0.2076454724940384,209.9892460032085,13298.648535564853,3.0970575596561094,7554.8033472803345,7024506000,0.2904649187860671,0.02699798914322469
11500641,방화3동,473,9948607,87964,2558908,12177784,4739404000,2172385000,1115662000,0.1301714424677953,113.09733416699824,21174.20042194093,3.922207081220942,25691.527426160337,3288047000,0.693768034821727,0.04030956169538491
11530510,신도림동,1340,24825931,143908,1392788,17521272,31593744000,3480660000,5871970000,0.2866829938078552,172.51131617897423,18620.31245339299,17.9279409874719,13065.825503355705,9352630000,0.29602790981986726,0.04614758586731483
11530520,구로1동,326,7649968,82076,1008892,13472268,5040771000,2068737000,941293000,0.1399956289102685,93.20477112954909,23645.394495412846,7.663889034813405,41199.59633027523,3010030000,0.5971368267677432,0.05380197165316924
11530530,구로2동,2674,36981962,89520,1703350,9814760,35693494000,3239546000,4256005000,0.341593578016565,413.10934864445215,13858.497943925233,21.76385372128234,3669.069158878505,7495551000,0.20999768192461074,0.05290355208270809
11530540,구로3동,3447,27055120,93148,1040120,11553776,4357383217000,6102151000,15345530000,0.3231851383712965,290.44992431480745,7873.627610208817,26.101067087386948,3350.863109048724,21447681000,0.004922147062098779,0.044037751872878804
11530550,구로4동,2069,29261705,74584,524507,10468240,14802369000,5412617000,3834207000,0.2226378817846214,392.32694241469466,14172.120289855073,55.93106110869615,5057.12077294686,9246824000,0.6246854134885649,0.08278413200611884
11530560,구로5동,2414,28678101,115808,1012473,12853136,52511919000,16187838000,9720580000,0.2892989826034866,247.63274875009714,11922.943685300206,28.43915893148861,5322.2095238095235,25908418000,0.49338166444663006,0.04869145231954708
11530595,가리봉동,1197,12344358,34852,410996,9345324,3786518000,1484715000,931961000,0.1080405159583021,354.18351361432303,10333.230383973289,30.119952213763117,7800.771285475793,2416676000,0.6382317473102646,0.056002509780805405
11530720,고척1동,1199,18420404,105256,1151238,11889672,17932765000,4007210000,5070038000,0.2260403496165789,175.00407573843069,15438.05,16.091932257333188,9908.06,9077248000,0.5061822869754785,0.03983209297270935
11530730,고척2동,1089,20912253,102996,1025572,11530556,8716822000,3169744000,1765731000,0.2166649114555477,203.0374962377545,19280.04495412844,20.4912268556212,10578.491743119266,4935475000,0.5662011911489989,0.0492731472264538
11530740,개봉1동,1230,31097379,132488,1320319,11223028,13545941000,5402895000,2674777000,0.2858659500116097,234.71668591354754,25369.51015434606,23.653256028841493,9117.000812347685,8077672000,0.5963167859216043,0.05873019653346946
11530750,개봉2동,656,16312525,118896,782524,12275884,9539652000,2687288000,2560362000,0.1886604310951337,137.19879391406008,25009.77321156773,20.997950225232422,18684.75494672755,5247650000,0.550088200224695,0.056189039498735105
11530760,개봉3동,783,16053854,78176,828418,10051160,7823951000,4057244000,1423072000,0.1277180889307925,205.3526484771736,20576.56887755102,19.47327379019554,12820.357142857143,5480316000,0.7004537732022538,0.05103673803932391
11530770,오류1동,905,16337839,90236,727414,10299404,11683875000,2735529000,2578644000,0.1971455946465034,181.0547668916298,18132.53311258278,22.584185093791028,11367.995584988963,5314173000,0.4548296690562994,0.049255689962543314
11530780,오류2동,926,19990835,149124,3061018,11124712,11175079000,5193154000,2151973000,0.3780190249439906,134.05421626152557,21725.953613807982,6.579494932896529,12000.768069039914,7345127000,0.657277411581853,0.036400678019415926
11530790,수궁동,590,7102085,90828,2661352,10729180,7552132000,2149707000,1045007000,0.2752105747224773,78.19182199517775,12170.749576988155,2.7027278981781073,18154.280879864637,3194714000,0.42302147255595884,0.02440423122611708
11530800,항동,248,4211389,65340,1446941,12029044,3396056000,951388000,629147000,0.1065497456172668,64.45247241395143,17175.61847389558,2.955701748929812,48309.413654618475,1580535000,0.4654031027564318,0.046060803096820174
11545510,가산동,5489,20124250,98488,2512852,10270376,106964510000,10989418000,16250625000,0.558027364183088,204.32992516930824,3683.55883424408,8.047720260596222,1870.7424408014572,27240043000,0.2546643087482506,0.018613231037106027
11545610,독산1동,2087,20735885,182880,2061921,12001812,26602977000,7150208000,5151484000,0.3870700714201634,113.38457794959564,10018.56561302682,10.14527465151446,5747.994252873563,12301692000,0.4624178714862469,0.02365647748447023
11545620,독산2동,811,13390408,70948,617174,9006308,7549419000,2617092000,1742337000,0.1074122430817063,188.73286445193025,16578.024630541873,21.81124640499048,11091.512315270937,4359429000,0.5774522515471121,0.04737032037989061
11545630,독산3동,1679,18535010,93732,934985,9547404,12345674000,4358749000,2463510000,0.1963551369714844,197.7426306636937,11088.536904761904,19.92408656386299,5682.978571428572,6822259000,0.5526032033121396,0.03788100774698167
11545640,독산4동,888,14697851,58044,591045,9020176,5445016000,1082217000,1684533000,0.0943737328325845,253.21476440692567,16598.30708661417,24.965730247730296,10146.429696287963,2766750000,0.5081252285561465,0.05318388001282559
11545670,시흥1동,2434,22007313,128460,1524148,11029228,28206747000,10445607000,6961330000,0.3872091486217793,171.31513066222433,9090.666529774127,14.52336549773021,4529.457084188912,17406937000,0.6171196203299473,0.029121052196845423
11545680,시흥2동,161,6526284,82256,1308882,12725684,2088401000,1166884000,175251000,0.1217749508606569,79.34016557861337,40793.456790123455,5.0489921559069835,78553.6049382716,1342135000,0.6426615383527102,0.08862119769659857
11545690,시흥3동,535,4781834,40612,1261391,10065004,4223541000,1067008000,808857000,0.1006892519267528,117.74146209341836,8997.100746268658,3.823114464020701,18777.992537313432,1875865000,0.4441450904716812,0.024931326836081104
11545700,시흥4동,483,8651436,77464,821709,9622480,3606676000,2050038000,414080000,0.113762197824452,111.68186923126574,18034.9173553719,10.622847476603669,19881.15702479339,2464118000,0.6832102465862722,0.03976164359429431
11545710,시흥5동,782,13935603,72668,1386972,9500208,4773160000,1775165000,1262482000,0.1784020641709752,191.76819551665773,17890.512132822478,10.099887308548904,12133.088122605364,3037647000,0.6364016708770706,0.039126192962230584
11560515,영등포본동,1221,27711354,83136,846370,13147004,11101842000,4558347000,2587181000,0.1498725218321697,333.32155358023505,22745.081833060558,32.83960579934804,10758.595744680852,7145528000,0.6436344526751836,0.07071017007229383
11560535,영등포동,4163,43612343,119356,1372094,14280428,81368735000,8046593000,25866323000,0.5576093893316626,365.3940950258468,10502.32925072046,31.87220928580018,3429.4975984630164,33912916000,0.416780671342417,0.05579031508860544
11560540,여의동,7781,26596188,133384,8437543,22363412,395703494000,12938960000,41553704000,0.7009775955566118,199.39414476890204,3434.794654330506,3.167932753891417,2873.7358005654073,54492664000,0.13771084871912273,0.014408844532024293
11560550,당산1동,2682,27869830,83804,745305,14145728,17205823000,3159564000,7113336000,0.2131943627473964,332.5556947676153,10418.79761461051,37.50625112369953,5272.354826686545,10272900000,0.5970594954628408,0.05989140333573298
11560560,당산2동,1741,34412600,146668,1581310,16523728,24473484000,5040414000,8513809000,0.3300246665495476,234.62763092405348,19838.845005740528,21.85482046226201,9485.492537313432,13554223000,0.5538329973552669,0.05211790839898518
11560585,도림동,719,22194580,70248,585885,12125936,7025678000,3270372000,1717213000,0.1041433272543586,315.94157923956215,30923.37222222222,38.00197990735399,16841.577777777777,4987585000,0.7099079973904429,0.0855446445716125
11560605,문래동,2965,37192782,128088,1786708,16077780,920230072000,5962795000,12231152000,0.3237722548836955,290.36671376933225,12582.896156439649,20.888051719670074,5420.694538098449,18193947000,0.01977108502924498,0.04513002858007168
11560610,양평1동,1334,21581087,72456,974912,14033000,11343901000,1632787000,3397159000,0.1370322402772748,297.84681949294065,16219.882397003745,22.210743933048384,10511.610486891386,5029946000,0.4434053152929133,0.05309910876078926
11560620,양평2동,1573,19534545,89152,2874596,14688352,38412216000,4619530000,5089852000,0.2192958494310165,219.11259295817302,12467.405972045743,6.826590649054459,9331.862770012707,9709382000,0.2527680777320223,0.0310116052376015
11560630,신길1동,900,21953799,77256,722925,11120176,11507910000,2859165000,2296232000,0.1362715325610004,284.1658231616553,24451.781354051054,30.47484113173409,12342.037735849057,5155397000,0.4479872539455047,0.06844602562393545
11560650,신길3동,682,24852616,63800,520083,12341768,9304612000,2538243000,1765433000,0.1690183409033539,389.5333301985862,36480.84333821377,47.90844555879435,18069.93850658858,4303676000,0.46253148433674274,0.10428787880020952
11560660,신길4동,409,10608198,41260,292127,10871164,2736684000,1062256000,554185000,0.0566287115011145,257.09987639659727,25974.287804878048,36.45476640376821,26515.034146341462,1616441000,0.5906567946497817,0.08182899190520634
11560670,신길5동,319,12608483,39788,494653,10626044,5128830000,578690000,1156202000,0.1051320641352877,316.883636180854,39525.846875,25.569935753071846,33206.3875,1734892000,0.33826272262128737,0.09233409818615912
11560680,신길6동,862,21669900,77972,653511,11818464,13538249000,3323116000,3229883000,0.2027825912858255,277.91543226501483,25200.315179606027,33.27845854399001,13694.628041714948,6552999000,0.48403593400564315,0.07204802865481741
11560690,신길7동,410,15782941,79116,642487,14464280,8837684000,2238711000,1283380000,0.1271296592654478,199.48861812252738,38593.812652068125,24.688487567082966,35192.89537712895,3522091000,0.39853099517944623,0.08531408449250635
11560700,대림1동,911,17635428,54844,498978,10329768,13960273000,5118325000,1906730000,0.1257593883696665,321.5503327559486,19397.22807017544,35.45293890123632,11326.5,7025055000,0.5032175946342011,0.06950022513897645
11560710,대림2동,1934,20203013,46920,572540,10744960,11604086000,3444676000,4507793000,0.1321319471548469,430.5750729950342,10465.08165374677,35.368529066040686,5552.950904392765,7952469000,0.6853162756045313,0.06366334729021932
11560720,대림3동,1739,27708308,85952,921696,11631732,20640920000,2771385000,4826854000,0.2174815774854949,322.36580456761254,15973.71264367816,30.155528335233814,6684.9034482758625,7598239000,0.3681153262370032,0.05897173867917963
11590510,노량진1동,1509,25343322,128020,1613446,14332396,19256365000,5745310000,6432608000,0.314856165105997,197.96222494746956,16868.438410596027,15.786909641283538,9491.65298013245,12177918000,0.6324100108908192,0.041954211806507886
11590520,노량진2동,985,12549924,40724,600568,9683044,15472701000,7814439000,4280734000,0.1088336386508107,308.1626519337017,12769.419878296147,20.964531968849542,9820.531440162273,12095173000,0.7817105106095109,0.048907503164391755
11590530,상도1동,1559,31334654,177856,1488648,15503584,22222437000,6763712000,6834457000,0.3488928518437021,176.17891901921206,20200.326923076922,21.16852931752213,9938.194871794873,13598169000,0.611911690845972,0.04887851499668749
11590540,상도2동,798,19558095,108336,772865,15306796,12303251000,3750151000,2729552000,0.2622310574382528,180.5301512871872,24613.806007509385,25.44610708712765,19157.441802252815,6479703000,0.5266659193958844,0.062388157663707214
11590550,상도3동,744,18943000,95376,637199,10303588,13045870000,6808535000,2664737000,0.1888831217800888,198.61182465374253,25554.86711409396,29.87817953546767,13830.319463087248,9473272000,0.7261510347162626,0.06508385159136997
11590560,상도4동,715,21718474,110436,939562,10253032,5885483000,2220543000,1864623000,0.1873877330972987,196.65939857113105,30487.304469273742,23.23304557544305,14319.877094972067,4085166000,0.6941088776071379,0.06411491112344439
11590605,흑석동,1494,24051073,119628,1708306,16899784,27241426000,4391453000,5815763000,0.3410603077385299,201.04717919567997,16167.692976588629,14.148921124832949,11304.203344481606,10207216000,0.3746946286741856,0.04107475160424364
11590620,사당1동,1990,27046048,89660,635172,11420692,25170493000,4945389000,11415570000,0.1996547117720115,301.64785135120064,13629.185334003014,42.72175926873466,5736.158714213962,16360959000,0.6500055044352924,0.06605868210361177
11590630,사당2동,1593,30770972,108604,2763201,15539952,23984400000,6768412000,8239521000,0.3012570538482297,283.32923898531374,19372.381430363865,11.17528722112969,9749.028858218318,15007933000,0.6257372708666576,0.04517413495212525
11590640,사당3동,630,21284876,94744,907684,15560140,8023779000,3046246000,2392312000,0.1429624866075527,224.6543458757718,33882.1236133122,23.554008273795425,24659.492868462756,5438558000,0.6778050591027239,0.07515241845804811
11590650,사당4동,502,16181526,55084,436148,11376672,6099855000,3281584000,1025706000,0.0845547914910916,293.7555777434873,32279.54274353877,37.22720905011819,22617.638170974154,4307290000,0.7061298996933321,0.08826368356821813
11590651,사당5동,308,13609426,56472,682199,12190644,2561299000,817229000,901897000,0.0953929910052899,240.98995980380005,44226.2071197411,20.03209909117561,39451.922330097084,1719126000,0.6711930154694188,0.09134361307624694
11590660,대방동,1157,29742939,142480,1544903,14099060,17539681000,4943341000,4156228000,0.3495017420690051,208.7502123090096,25807.788428324697,19.344515257905993,12175.354058721934,9099569000,0.5187990020731392,0.05570023282089005
11590670,신대방1동,731,14670557,93128,675281,15380376,7665787000,2764433000,2081759000,0.1270514517713526,157.5294161861504,20168.968579234974,21.862992053690164,21011.44262295082,4846192000,0.6321845362215015,0.054830555865183546
11590680,신대방2동,1250,20426645,90736,977033,13360628,279612461000,4584776000,5903252000,0.1801981020122421,225.119245732171,16400.78417266187,20.999659172556942,10679.958433253398,10488028000,0.03750915807705183,0.04827190422786542
11620525,보라매동,1176,14246309,92368,750225,10119980,38056517000,2855509000,2571152000,0.1311203295014581,154.23257802942547,12182.393372982158,19.112476773665534,8598.113848768055,5426661000,0.14259478868908065,0.037480245094111936
11620545,청림동,387,12715354,58904,297155,14731100,3518918000,2050538000,334717000,0.0655939266832534,215.86204906204907,32923.345360824744,42.988389936598956,37966.75257731959,2385255000,0.6778376192119744,0.09848221590096132
11620565,성현동,483,17156348,112888,678223,13820432,4004167000,1446315000,450279000,0.1740055653676649,151.97537403998618,35680.239669421484,25.462437188893347,28554.611570247933,1896594000,0.47365506971271304,0.0767512186757099
11620575,행운동,1287,28867309,115032,718235,11557900,17345057000,5928523000,4166015000,0.1747891985516519,250.94806707640416,22501.81754658385,40.352114068356364,8973.524844720498,10094538000,0.581983558740569,0.0714575705448035
11620585,낙성대동,2354,24273761,68844,2262818,12902900,24878991000,2464959000,12708190000,0.2548921006639368,352.5856779722565,10336.56263269639,10.757645662335344,5478.938428874734,15173149000,0.6098779889984334,0.03761057061894318
11620595,청룡동,1760,42852605,142508,1195604,11072644,24429469000,5890124000,5846083000,0.2380543837307522,300.7010434428703,24415.169222032935,35.96096787818719,6287.702441794435,11736207000,0.48041187467151203,0.0706313237472576
11620605,은천동,1388,34220134,129436,776212,12252308,17306290000,6443643000,4761176000,0.2093641256171812,264.3767547146488,24729.712023038155,44.25276309466602,8820.95608351332,11204819000,0.6474419993743638,0.07764443860324528
11620615,중앙동,949,21680558,60504,384728,10533972,16138808000,5027179000,3760584000,0.1259101087840571,358.3267168002644,22885.328421052633,56.51006812587562,11088.391578947369,8787763000,0.5445112798575638,0.09315845720403787
11620625,인헌동,1001,24420542,101540,1089078,11134772,15081034000,3121074000,3211503000,0.1693871065852224,240.499325395653,24473.135728542915,22.51634821716331,11112.546906187625,6332577000,0.4199033699930719,0.05835977138519701
11620630,남현동,936,17989286,70672,3281024,12936104,16324201000,4782982000,5849252000,0.099399239117051,254.54255514835936,19274.23479188901,5.50436464214689,13805.874066168622,10632234000,0.6513172681069465,0.040863434153502146
11620645,서원동,1538,22194418,91632,647532,9648004,35353321000,4460900000,11060500000,0.1515920948537021,242.20988071982802,14480.864197530864,34.41685597490784,6269.008447043535,15521400000,0.4390365476431751,0.05660120285030616
11620655,신원동,897,24518542,69936,544977,9612948,5394182000,2418567000,1639753000,0.0748503353490245,350.58040808155914,27381.378619153675,45.11829468345511,10704.841870824053,4058320000,0.7523513294967891,0.08679052878209685
11620665,서림동,794,20554554,93276,941252,10122500,6752470000,2268018000,1497433000,0.1207297462394816,220.36036750753132,25972.11320754717,21.93653566044411,12732.704402515723,3765451000,0.5576405373800045,0.059093583767011
11620685,신사동,1259,29883178,87876,641031,9722648,10233573000,3842842000,2167936000,0.1235296692532081,340.0568749502145,23786.550793650793,46.75438043654607,7716.387301587301,6010778000,0.587358686884106,0.08250137555163183
11620695,신림동,1970,39871326,90488,541240,9737116,24558710000,4709927000,7911461000,0.2723645995791589,440.62069422802773,20274.892947742264,73.83367852767991,4940.190766108574,12621388000,0.5139271565764681,0.10686757022496368
11620715,난향동,250,5762087,58904,821397,13048780,2090792000,1072248000,367537000,0.1104454470196352,97.81999830235124,23191.19920318725,7.086687574111454,51987.171314741034,1439785000,0.6886313891154016,0.05936443390442035
11620725,조원동,1556,29470299,78392,666607,10092768,16630503000,3283197000,5106983000,0.1570846052896189,375.93023611802073,18977.964675658317,44.3269372704798,6482.188824662813,8390180000,0.5045054860635,0.0770906611577701
11620735,대학동,1679,25320909,96948,8405183,10489632,20066962000,8602845000,6353847000,0.5205749425481524,261.1776191605896,15129.676785714286,3.0240690745140144,6243.828571428571,14956692000,0.745339130021508,0.030751961317701346
11620745,삼성동,474,28517646,79880,2604386,10374780,5164667000,3272457000,581957000,0.1604405620213345,357.001614902167,60205.31789473684,10.980520944083963,21841.64210526316,3854414000,0.7463044566578437,0.09481326199152673
11620765,미성동,934,20972536,118104,1359429,10706148,10814003000,2768227000,2240190000,0.2155976428019154,177.57534397358282,22556.83422459893,15.514325857160722,11450.425668449197,5008417000,0.46314181709926083,0.04711243642282133
11620775,난곡동,517,22777347,101028,972373,9074704,7651624000,3383058000,1115292000,0.1542458829450725,225.4535529402449,44166.7471042471,23.528369742506484,17518.73359073359,4498350000,0.5878948049998413,0.08079539468090668
11650510,서초1동,1878,31100441,80616,1382685,19076476,28553947000,4001787000,6681410000,0.3307063280486045,385.78018283984767,16594.49547631719,22.55107594927554,10152.461947844598,10683197000,0.374140814915215,0.05842355080724704
11650520,서초2동,2661,27987514,98544,1230924,20784524,486483523000,3990024000,11067091000,0.3761438007725562,284.00744837383934,10550.735537190083,22.817034344090825,7807.860255447033,15057115000,0.03095092492982347,0.04592137357247081
11650530,서초3동,4374,48087108,127448,2998572,18715800,538395572000,6123353000,19987239000,0.5896340508170165,377.30471011934185,11020.469942857142,16.079166990431784,4277.897142857143,26110592000,0.0484970407593759,0.04359765364477221
11650531,서초4동,1944,25988843,121124,879773,25901532,92630426000,4653114000,16304568000,0.4370116385798638,214.5621713106295,13424.147557840617,29.678038905446172,13316.983033419023,20957682000,0.22625051945430705,0.05399219984021112
11650540,잠원동,1554,25103634,107200,1756867,21833832,25185539000,2136149000,5139279000,0.2203107169846938,234.1735058441619,16212.75498392283,14.349873752609758,14041.049517684887,7275428000,0.2888732299797565,0.04471532479734458
11650550,반포본동,213,1604110,468,972536,22332084,1479221000,65403000,221161000,0.0357666404671957,3420.277185501066,7498.028037383177,1.6498888988285279,104355.53271028037,286564000,0.19372629228916688,0.25436635423369647
11650560,반포1동,1363,26937038,134960,992368,21353208,24283809000,2886989000,3709904000,0.2315709901841922,199.59127451634177,19847.50586510264,27.280173000164254,15654.844574780058,6596893000,0.27165808295265137,0.05850540566274745
11650570,반포2동,303,6778853,93288,1396031,27249324,5327877000,1440594000,1510055000,0.1166663330389922,72.66508377193452,22605.72697368421,4.922624266492458,89635.93421052632,2950649000,0.5538132729877561,0.07730508659264708
11650580,반포3동,522,13866120,95044,1251708,24563100,13799470000,1282221000,2982092000,0.173121747841275,145.8900520805934,26694.386233269597,11.15368188612529,46965.77437858508,4264313000,0.3090200565449963,0.06601088526860206
11650581,반포4동,1947,22190961,73896,1427141,21121932,77901730000,6548959000,17691467000,0.218326576393624,300.2958306832483,11429.598049281314,15.60101027087704,10842.880903490759,24240426000,0.3111667224808593,0.043093197018799184
11650590,방배본동,1161,17695142,81604,677510,19424648,50103405000,2470092000,3182067000,0.1674059317658772,216.83894369217572,15298.40447504303,26.238313473877177,16716.564543889846,5652159000,0.11280987788928099,0.05484988148969294
11650600,방배1동,1057,17615942,65916,689244,16276956,17791221000,5354500000,4069930000,0.1618720901690758,267.24429206426265,16712.531190926275,25.65395178782581,15384.64650283554,9424430000,0.5297236204007738,0.05770491781871178
11650610,방배2동,1561,19210879,72040,1904030,15457204,223310656000,3231152000,13258367000,0.1900300210198172,266.6659124665121,12345.018565941102,10.127418618709465,9895.777208706786,16489519000,0.07384116501778652,0.03675207365814143
11650620,방배3동,468,13607482,63028,2375134,18726348,12352665000,1314510000,1252899000,0.1954191519428774,215.89239873708928,29148.20895522388,5.755677045725822,39928.2473347548,2567409000,0.20784251817661675,0.06342027892459767
11650621,방배4동,1377,25609055,91016,949527,18231748,17469107000,2271676000,4427678000,0.2606296864310816,281.3656240043069,18650.26923076923,27.066153920684805,13230.586357039187,6699354000,0.38349722167346634,0.06031671484182551
11650651,양재1동,2525,33752486,167880,5765358,16692944,31479514000,4882863000,9406273000,0.4729353036948726,201.0500652247723,13428.490102929532,5.883478548343651,6608.449722882027,14289136000,0.4539185706471225,0.028518597547145908
11650652,양재2동,3129,22898153,84628,7562268,12889528,28876912000,7060536000,9912877000,0.2594360861761596,270.5709981212114,7342.741533546326,3.0391382533469784,4118.060063897764,16973413000,0.5877849057895185,0.022671374759653293
11650660,내곡동,469,7491847,68000,12708880,16188252,7531319000,1510601000,2161515000,0.2955349614485642,110.17260040293525,16084.78085106383,0.594847571552523,34443.08936170213,3672116000,0.48757940003768535,0.03747025595205052
11680510,신사동,4080,27019919,61744,2059234,20399660,101502642000,5318909000,17462681000,0.4302359622711848,437.6049720625152,6636.03602058319,13.151322214317453,4998.691497182063,22781590000,0.224443320399242,0.04063745055615588
11680521,논현1동,3946,39282288,83984,1258744,13108264,95066292000,6768057000,16859726000,0.505061695070314,467.72980889444545,9973.719787180136,31.274223134947903,3321.0701798834557,23627783000,0.24854007138251968,0.06038033385964241
11680531,논현2동,4548,47719764,81476,1458524,15895972,71936668000,11961105000,15806002000,0.4078967682943065,585.6838617033028,10508.076500329742,32.77368574415934,3494.388217190591,27767107000,0.3859937883085439,0.06884554883412039
11680545,압구정동,4923,30161649,104476,2345057,23234148,116132636000,6448853000,23395920000,0.5235979457887107,288.6917599088795,6146.654142973192,12.906343894266154,4718.551584077985,29844773000,0.25698868145680437,0.03153436341352133
11680565,청담동,3701,36170219,98140,2329217,20040816,83838573000,6162922000,15307642000,0.4834110798789778,368.5536014509736,9796.963533225284,15.571045303616922,5413.510534846029,21470564000,0.2560941012169172,0.04216382337976121
11680580,삼성1동,3315,18852088,48536,1944629,20392384,109376873000,4872213000,14701950000,0.3390366274465776,388.4065352205534,5699.826296743064,9.719393406457783,6149.693606755127,19574163000,0.17896071137287897,0.034679352701944416
11680590,삼성2동,2325,36780247,122316,1242271,20220456,45609903000,8247999000,6791204000,0.294620463041975,300.69611746527465,15865.24634565778,29.70570293784292,8693.231298366294,15039203000,0.32973547432605294,0.058434707056795876
11680600,대치1동,520,18555799,95512,809823,29685220,38571230000,3463145000,3298393000,0.2129837401060706,194.2751143823354,35799.06142034549,23.03131421148299,56977.3896353167,6761538000,0.1753000357993432,0.09352935121868139
11680610,대치2동,2261,25011689,152848,1837367,24069448,85221304000,5704606000,9076201000,0.3592395157136478,163.63658905194015,11124.905835543766,13.695969996211973,10640.781609195403,14780807000,0.173440282019465,0.033435982636672856
11680630,대치4동,2899,41777376,74456,701081,16404576,500057457000,6362547000,14589133000,0.2574633804316337,561.094000564084,14431.666206896552,59.6960583783352,5656.750344827587,20951680000,0.04189854527048499,0.09603949934331243
11680640,역삼1동,10953,82890741,136328,2362133,14429060,3455186787000,20298571000,52361230000,0.9335998872190774,608.019871047246,7579.611922585357,35.14917824306326,1317.2411904327187,72659801000,0.021029196242981284,0.06812879091211985
11680650,역삼2동,2557,48333871,145392,1135029,21469588,1990470680000,5314273000,9660742000,0.3289003941352954,332.4360251181281,18952.018373729476,42.71187810013832,8393.11493354183,14975015000,0.0075233537225438945,0.07434378785580559
11680655,도곡1동,1076,30580979,80020,1050609,21649936,90756189000,2539509000,4805016000,0.2358849173207199,382.1619199960011,28468.894150417826,29.183996916077326,20102.076137418757,7344525000,0.08092588594612621,0.08105273513040251
11680656,도곡2동,1366,15583012,130592,990763,26270016,183097902000,3469154000,7245133000,0.1943901525852654,119.32501742053556,11494.955376737382,15.86008777064972,19217.275786393562,10714287000,0.05851671091207524,0.03818752278228363
11680660,개포1동,72,8462533,27060,1449952,21345492,955118000,262870000,43953000,0.056599301248156,312.72063116662355,116295.79452054795,5.855081509538585,292404.0,306823000,0.32124093533862735,0.2976350543265102
11680670,개포2동,584,8567974,166832,2243338,20783208,6548356000,2049983000,1526382000,0.2339520469094375,51.35659012305719,14931.292307692307,3.8936629729167103,35526.851282051284,3576365000,0.5461470023092595,0.036630194152274184
11680690,개포4동,1044,13771942,92604,1665461,14202108,10042330000,2417994000,2357256000,0.198947333061872,148.71704551590088,13267.508133971292,8.324744725487582,13590.533971291867,4775250000,0.4755121569919021,0.03164158491186731
11680700,세곡동,790,14095929,182052,6367772,15541612,16519352000,4401102000,3202778000,0.3523049985357465,77.42761173943852,18050.544879898862,2.2422251861050952,19648.05562579014,7603880000,0.460301348354324,0.030398980725299226
11680720,일원본동,261,9807556,91184,2354625,21779544,12055866000,2155292000,1367894000,0.1712470209992109,107.55668147173328,37781.45038167939,4.203954258553163,83128.03053435114,3523186000,0.2922383178203674,0.08923721963365003
11680730,일원1동,713,10319758,58200,953471,12091724,6994510000,1397794000,2295530000,0.1134169629769792,177.31238294874657,14534.955182072828,10.88438674654316,16935.18767507003,3693324000,0.5280318420406817,0.03860814144342923
11680740,일원2동,296,5291111,67332,1300290,18212740,3540351000,1399147000,620546000,0.0966050733989568,78.58124545171016,18041.895622895623,4.120956770446,61322.3569023569,2019693000,0.5704781812395217,0.05621773406718594
11680750,수서동,734,8816670,56104,1629403,15389516,326110286000,2436090000,4341770000,0.1417760364628566,157.14588717583104,12071.801360544217,5.445410714592575,20938.11700680272,6777860000,0.020783950371866578,0.0327048544610074
11710510,풍납1동,446,18768857,47000,1075294,12044600,4279947000,1296032000,877330000,0.0619842848343173,399.3288866194336,42093.639821029086,17.498320925885455,26945.413870246084,2173362000,0.5078011478862235,0.08864906953858494
11710520,풍납2동,616,20171210,94208,2564554,15566816,13980778000,2618966000,1168739000,0.20660922245645,214.11128448449725,32845.085899513775,7.902118691156946,25229.847649918964,3787705000,0.2709223334873837,0.0602018396330998
11710531,거여1동,616,13700374,48044,522308,11156400,5129669000,1379547000,1362335000,0.0612768192355142,285.1571235300239,22282.68719611021,26.32238387621121,18081.685575364667,2741882000,0.5345144100848389,0.0661276510337471
11710532,거여2동,532,14634315,94384,612901,12132952,9379883000,2644962000,2276494000,0.1167655459333954,155.04916035386978,27633.581613508442,24.03108327269286,22763.51219512195,4921456000,0.5246820242294405,0.06468537879986332
11710540,마천1동,690,13966446,71928,575258,9742544,4010652000,1811432000,623987000,0.1096411442909132,194.1698897523947,20316.02604920405,24.40357126094507,14099.19536903039,2435419000,0.607237675917223,0.055228559129450135
11710550,마천2동,1015,20284427,70300,890688,9357724,10689885000,4288492000,2042669000,0.1427392334205567,288.53682024437774,20034.180118110235,22.852788122453518,9210.358267716536,6331161000,0.5922571664155174,0.05600930340848044
11710561,방이1동,1200,14557706,60364,609259,15882080,15754391000,1587183000,4460662000,0.1077806365058012,241.16136834258262,12171.58201498751,23.993155631421725,13224.046627810158,6047845000,0.3838831345252328,0.049245987323576115
11710562,방이2동,3006,25441522,104376,769841,11713084,477585934000,6321241000,20722052000,0.2643096885337861,243.74643839159967,8495.476554705687,33.183299949859844,3895.2723644828734,27043293000,0.05662497798761254,0.04855581159249147
11710566,오륜동,274,2710194,71196,3085088,24380640,7006089000,2824479000,1639531000,0.1136766702679462,38.06612638172957,10114.145454545454,0.9015590798190911,88656.87272727273,4464010000,0.6371614747347398,0.059449626378500445
11710570,오금동,1584,39176374,149364,1648868,14042696,18294686000,4396170000,4402963000,0.2208988863784743,262.2861714591772,24811.191167192428,23.85012878524613,8859.745110410095,8799133000,0.48096660415592996,0.059753966859928107
11710580,송파1동,2537,24648833,93412,686925,12516864,28203250000,4904167000,12137259000,0.1588775134150634,263.86940789825826,9748.717494089835,36.01879241723272,4931.782505910165,17041426000,0.6042362493469995,0.05394475370747814
11710590,송파2동,764,12645298,73904,631023,17483880,7992836000,1871972000,1466307000,0.1160698637325805,171.1020634598471,16626.407843137255,20.156447298359492,22854.745098039217,3338279000,0.41765888848242866,0.05179567731484069
11710600,석촌동,2827,26821025,122728,946914,11711644,30445953000,7474616000,8573947000,0.2615763912839996,218.53860945660765,9527.493988684582,28.454246685288542,4141.316831683168,16048563000,0.5271164610768756,0.04413529978855228
11710610,삼전동,1538,25414488,116248,953338,11119920,20433853000,4758299000,4897704000,0.1853320476577069,218.62113222479334,16589.172189733592,26.780333123894017,7225.41910331384,9656003000,0.47254930333145934,0.051155164327136335
11710620,가락본동,2686,33405775,100684,1014738,14086244,25963532000,3581799000,8779030000,0.2362195072457341,331.7850225952227,12469.839598064757,33.01978045586107,5242.368440640119,12360829000,0.47608426309347723,0.05784593035610872
11710631,가락1동,1035,3112696,109876,1393228,19894352,16436665000,8339495000,2522815000,0.1270255109204941,28.328913239349454,3110.5907335907336,2.3130239178196836,19203.04247104247,10862310000,0.6608585135329547,0.013310923178319514
11710632,가락2동,1195,25160392,124724,932311,15640792,16698644000,4611158000,3973053000,0.2338598592221774,201.72693525756665,21141.401337792642,27.120873698933405,13077.585284280936,8584211000,0.5140663517041224,0.058219946522380855
11710641,문정1동,955,17377346,78008,612546,14273428,10086487000,2648777000,2996835000,0.1060897551737974,222.76078401210117,18258.73849372385,28.496350484126115,14930.364016736401,5645612000,0.5597203465825396,0.058930419583650896
11710642,문정2동,4301,11279494,115128,2242033,17702592,63634906000,8501539000,13043445000,0.2416112554472594,97.97265675893998,2648.680148768015,5.082269938814488,4114.967921896792,21544984000,0.3385717895090696,0.010431502435529807
11710646,장지동,772,30981089,113892,1278355,13053856,10069229000,3669566000,2013224000,0.2307204824069632,272.01925491470064,40226.366106080204,24.32419529458148,16887.265200517464,5682790000,0.5643719096502451,0.07997391695352837
11710647,위례동,689,12748781,179428,2537372,16811548,12716503000,2210762000,3152319000,0.1368077837629389,71.05195369756282,18736.534782608695,5.0951156964309146,24364.56231884058,5363081000,0.4217418105888276,0.03592459489756325
11710650,잠실본동,3407,33437310,110924,1028997,12317548,50328679000,8347717000,15103427000,0.3126989372121326,301.44070317782285,9843.965375586855,32.602817498187555,3614.3039906103286,23451144000,0.46595985560308545,0.05236460149601147
11710670,잠실2동,489,8273298,139636,2686850,25410564,9657575000,1895990000,1115404000,0.1363884046374572,59.24860889305843,17169.25306122449,3.1311501828720685,51858.29387755102,3011394000,0.31181678627276344,0.0479734904656132
11710680,잠실3동,1029,14512094,135220,1542643,21810728,24642143000,2921999000,1541252000,0.1623851652648678,107.32130364366482,14220.693203883495,9.494941152981504,21175.4640776699,4463251000,0.18112268075949714,0.03566335652727922
11710690,잠실4동,182,9010378,84768,780204,24031948,4730589000,1555473000,613613000,0.1075793593620542,106.29331477308922,49700.25136612022,11.65737979120872,131322.12021857922,2169086000,0.45852345226809527,0.13489018488572332
11710710,잠실6동,1757,9641191,66056,1508001,20951100,106385925000,8470704000,11494342000,0.2329923495533986,145.9526015410933,5521.755972696245,6.437157908278636,11917.576791808873,19965046000,0.1876662349818581,0.021520672332024607
11710720,잠실7동,114,2711190,37676,723486,24058064,1188051000,476191000,120434000,0.0301416910106179,71.95875467792021,23903.182608695653,3.799468407863583,209200.55652173914,596625000,0.5021880369595345,0.1467047814154994
11740515,강일동,514,16163076,177028,3647520,12293000,9568768000,3593226000,1778451000,0.3378031672123306,91.30185449841551,31728.3572815534,4.479783392611036,23869.90291262136,5371677000,0.5613760307950432,0.048543654291718974
11740520,상일동,977,13801102,157228,1813623,14760848,9307376000,3345914000,2097928000,0.1759449919742329,87.77707674792818,14272.321063394684,7.69637477227915,15092.891615541923,5443842000,0.5848954634920847,0.029532255549669994
11740530,명일1동,1384,19719466,101116,634942,14160812,19816850000,4958965000,5564725000,0.2473105012861133,195.01632762047925,14310.889530685921,31.21631705523173,10224.412996389892,10523690000,0.531047568078123,0.05330663643344974
11740540,명일2동,646,8443987,68136,914329,18057112,19104400000,2530479000,3720004000,0.171030406662929,123.9266037542011,13156.295208655332,9.309683593450941,27908.982998454405,6250483000,0.32717504866275965,0.039309659758310626
11740550,고덕1동,431,15266538,95728,1518495,18474564,5286027000,2688780000,816616000,0.1468148661015042,159.47662672753293,35560.80092592593,10.116764219332813,42765.194444444445,3505396000,0.663143793880897,0.0718339217262845
11740560,고덕2동,704,8504266,90736,2206786,9861996,8062452000,2344209000,1503846000,0.123633371067914,93.72434618733261,12191.49219858156,3.894803621736035,13988.646808510639,3848055000,0.47728098096245647,0.023919383653692495
11740570,암사1동,1449,34314848,135300,735480,11408628,16661181000,7549973000,3422934000,0.1372406657307385,253.61858375030488,23758.72275862069,46.840296350279615,7868.019310344827,10972907000,0.6585911886643215,0.07784209467688696
11740580,암사2동,608,9611028,59300,2174329,14754140,7851115000,1374899000,2550507000,0.0842056854001018,162.0719380786159,15879.027914614122,4.447497849912387,24226.830870279147,3925406000,0.4999807033141177,0.03761771552743169
11740590,암사3동,220,6048902,68544,1799368,17883556,4614096000,1404914000,698281000,0.068512575203809,88.24716609526588,27680.75113122172,3.3997729203959834,80921.06787330317,2103195000,0.4558195147097461,0.07660511284207792
11740600,천호1동,1082,41773923,103768,668998,9892444,9057903000,2271807000,2722210000,0.1402317437197744,402.56649866530466,38668.228070175435,62.5975390097743,9134.297322253002,4994017000,0.5513436166680805,0.11478305917624665
11740610,천호2동,2743,44908401,130776,1850853,10998964,185978278000,4888987000,9357264000,0.3364238965764098,343.3967823088158,16413.694241982506,24.33426785689201,4008.368804664723,14246251000,0.07660169323604232,0.053907104268840995
11740620,천호3동,1552,29563131,103876,561872,12661312,15393118000,2481727000,3994046000,0.1796750381410814,284.5974662341038,19103.030907920154,52.80020040115827,8152.808757244044,6475773000,0.42069274071564366,0.08053178625371592
11740640,성내1동,1335,23368187,77568,663675,13753504,17152944000,2694853000,4253959000,0.1554425965719059,301.25677783650684,17549.21781437126,35.32710991507904,10294.538922155689,6948812000,0.4051090005071369,0.06591426150694668
11740650,성내2동,1598,33767085,93808,625147,11298368,20182189000,4053597000,5378600000,0.1789559940184929,359.95570787451095,21176.293308317698,54.16460262209909,7065.896185115697,9432197000,0.4673525255130971,0.08724543861203181
11740660,성내3동,2288,26795019,89732,647356,11589384,20267779000,4389485000,7361151000,0.216607222185812,298.60830463709004,11745.194844910442,41.53002284674453,5063.077326343381,11750636000,0.5797692978308195,0.06266978313690981
11740685,길동,3126,69203124,177580,1631616,11362412,37367163000,8889710000,9003990000,0.4125227279097884,389.6989204926203,22187.625199872084,42.522665552026,3633.646306363927,17893700000,0.4788616143944655,0.07766936103374374
11740690,둔촌1동,15,35831,64,912178,14386936,79736000,0,27252000,0.0033523559332523,551.2461538461539,2243.4375,0.03935082916839787,899183.5,27252000,0.3417778626746029,0.5487572958816684
11740700,둔촌2동,1032,27278954,96912,1550455,13657624,12102008000,2057149000,3335024000,0.2154354841602916,281.47879025517733,26501.322362052277,17.656654558400884,13221.320425943853,5392173000,0.4455601912967203,0.059519807919792
